trade,price_enter,price_exit,gross_return,enter_period,exit_period
0,221.35,220.82,0.9976056019878021,196,216
1,220.5,220.68,1.0008163265306123,267,287
2,223.23,227.53,1.0192626439098689,343,363
3,217.24,215.82,0.9934634505615908,658,664
4,214.26,213.43,0.9961262018108841,786,806
5,214.88,216.51,1.0075856291883842,956,976
6,217.25,218.64,1.006398158803222,995,1015
7,217.65,218.59,1.0043188605559383,1173,1193
8,219.89,220.6,1.0032288871708581,1231,1251
9,220.31,221.02,1.0032227316054652,1355,1375
10,221.36,222.62,1.0056920852909288,1438,1458
11,222.36,222.36,1.0,1654,1674
12,222.8,223.89,1.0048922800718132,1675,1695
13,224.56,226.97,1.0107320983256145,1860,1880
14,228.22,228.81,1.002585224783104,1940,1960
15,230.37,232.18,1.0078569258149932,2054,2074
16,231.91,233.25,1.0057781035746627,2339,2359
17,232.69,232.34,0.9984958528514333,2405,2425
18,229.25,227.76,0.9935005452562704,2535,2555
19,228.69,228.99,1.0013118194936377,2657,2677
20,229.65,229.1,0.997605051164816,2869,2889
21,228.18,227.57,0.9973266719256727,3034,3054
22,229.1,230.32,1.0053251855085115,3133,3153
23,230.02,230.36,1.0014781323363187,3181,3201
24,228.26,227.1654,0.9952045912555858,3423,3427
25,222.87,223.13,1.0011665993628571,3607,3627
26,223.54,223.27,0.9987921624765144,3975,3995
27,226.85,226.47,0.9983248842847697,4028,4048
28,227.65,226.68,0.9957390731385899,4140,4160
29,226.54,226.57,1.000132426944469,4200,4220
30,226.48,225.11,0.9939509007417875,4317,4337
31,225.83,226.63,1.0035424877119956,4390,4410
32,222.71,220.60170000000002,0.990533429123075,4794,4800
33,223.13,222.91,0.9990140276968583,4881,4901
34,221.92,222.63,1.00319935111752,4964,4984
35,222.08,221.6,0.9978386167146973,5053,5073
36,227.12,225.64,0.9934836209933074,5332,5352
37,226.94,227.11,1.000749096677536,5424,5444
38,226.95,228.85,1.0083718880810753,5611,5631
39,228.13,227.93,0.9991233068864245,5752,5772
40,228.5,228.7,1.0008752735229758,5807,5827
41,230.59,230.47,0.9994795958194197,5842,5862
42,232.33,233.83,1.0064563336633237,6005,6025
43,231.38,231.92,1.002333823148068,6230,6250
44,232.08,231.55,0.9977163047225095,6385,6405
45,231.99,231.83,0.9993103150997888,6456,6476
46,229.0,230.05,1.004585152838428,6845,6865
47,228.96,229.31,1.001528651292802,6995,7015
48,229.81,232.19,1.0103563813585135,7020,7040
49,233.16,233.05,0.9995282209641448,7042,7062
50,235.14,235.16,1.000085055711491,7083,7103
51,235.63,235.41,0.9990663328099139,7155,7175
52,238.36,238.07,0.9987833529115623,7372,7392
53,240.56,238.986,0.9934569338210841,7418,7435
54,237.09,236.67,0.9982285208148803,7544,7564
55,235.45,236.13,1.0028880866425993,7665,7685
56,238.38,238.57,1.0007970467321083,7880,7900
57,240.09,240.09,1.0,7998,8018
58,239.74,240.08,1.0014182030533079,8072,8092
59,241.84,244.8,1.0122394971882236,8109,8129
60,245.84,243.6489,0.9910872925479987,8152,8160
61,242.86,242.55,0.9987235444288891,8436,8456
62,242.76,242.18,0.9976108090294942,8461,8481
63,244.22,244.8,1.0023749078699533,8737,8757
64,243.95,243.78,0.9993031358885018,8821,8841
65,244.24,245.2,1.003930560104815,8872,8892
66,246.25,244.1142,0.9913267005076143,8899,8914
67,244.55,245.31,1.0031077489265998,9044,9064
68,248.05,249.92,1.0075388026607537,9128,9148
69,229.48,229.4,0.9996513857416769,10117,10137
70,230.03,230.94,1.0039560057383818,10193,10213
71,218.26,216.6318,0.9925400898011546,10507,10519
72,209.81,209.2068,0.9971250178733139,10911,10927
73,205.96,204.6231,0.9935089337735482,10964,10969
74,205.69,207.67,1.0096261364188828,10973,10993
75,198.31,198.297,0.9999344460692854,11022,11025
76,200.49,202.2966,1.0090109232380668,11229,11245
77,199.46,203.94,1.0224606437380928,11365,11385
78,206.97,206.019,0.9954051311784317,11513,11532
79,207.27,205.3656,0.9908119843682153,11580,11591
80,204.74,203.2272,0.9926111165380482,11673,11692
81,201.46,201.79,1.0016380422912736,11707,11727
82,201.04,202.8906,1.0092051333068046,11751,11766
83,201.28,201.9303,1.003230822734499,11865,11874
84,198.31,197.01,0.9934446069285462,11928,11938
85,196.27,196.3665,1.000491669638763,12008,12012
86,194.93,193.1787,0.991015749243318,12072,12076
87,196.03,196.71,1.0034688568076315,12177,12197
88,196.33,194.8716,0.9925716905210614,12346,12359
89,198.3,199.06,1.0038325769036813,12392,12412
90,203.18,202.059,0.9944827246776257,12468,12481
91,201.58,200.57,0.9949895822998313,12643,12663
92,202.97,203.05,1.0003941469182638,12712,12732
93,199.88,197.8812,0.9900000000000001,12898,12905
94,198.22,198.38,1.0008071839370396,12924,12944
95,199.98,202.11,1.0106510651065108,13087,13107
96,203.89,205.44,1.0076021384079652,13227,13247
97,202.52,202.22,0.9985186648232273,13379,13399
98,200.0,199.584,0.99792,13547,13564
99,202.57,203.1,1.0026163795231278,13791,13811
100,201.4,201.72,1.0015888778550148,14110,14130
101,199.8,198.2178,0.9920810810810811,14242,14256
102,199.18,199.89,1.0035646149211768,14262,14282
103,199.8,200.11,1.0015515515515516,14395,14415
104,196.93,197.88,1.004824049154522,14686,14706
105,192.7,192.0204,0.9964732745199792,14873,14885
106,190.26,189.04049999999998,0.9935903500473037,15049,15056
107,192.66,191.85209999999998,0.995806602304578,15168,15184
108,189.56,192.555,1.0157997467820215,15262,15277
109,180.93,182.09,1.0064113192947548,15607,15627
110,169.41,171.02,1.0095035712177558,15850,15870
111,164.06,162.5481,0.990784469096672,15978,15980
112,131.24,139.392,1.0621152087778116,16014,16017
113,129.82,131.7888,1.015165613926976,16178,16180
114,137.91,143.7678,1.0424755275179465,16365,16380
115,138.76,138.79799999999997,1.0002738541366387,16480,16485
116,134.53,132.6204,0.9858053965658217,16582,16583
117,128.72,127.5813,0.9911536668738347,16599,16601
118,128.43,128.35535,0.9994187495133534,16609,16610
119,123.15,123.75,1.004872107186358,16748,16750
120,112.55,112.10285,0.9960270990670813,16761,16762
121,107.88,107.11874999999999,0.9929435483870968,16943,16944
122,113.02,111.5414,0.9869173597593346,17092,17093
123,120.31,120.16014999999999,0.9987544676253012,17098,17099
124,124.18,123.76979999999999,0.9966967305524238,17205,17207
125,128.97,128.6505,0.9975226796929518,17567,17569
126,136.33,137.1348,1.0059033228196288,17604,17606
127,139.39,137.5848,0.9870492861754789,17606,17607
128,135.0,134.64,0.9973333333333332,17617,17620
129,124.68,125.79929999999999,1.0089773820981711,17746,17748
130,117.2,119.78999999999999,1.022098976109215,17923,17927
131,124.28,123.125,0.9907064692629546,17975,17976
132,129.46,130.4919,1.0079708017920592,18081,18100
133,132.46,135.6201,1.023857013438019,18168,18188
134,134.0,133.6797,0.9976097014925372,18203,18213
135,130.76,129.8385,0.9929527378403183,18307,18317
136,133.91,133.056,0.9936225823314168,18440,18446
137,132.4,131.7393,0.9950098187311177,18479,18492
138,131.78,130.977,0.993906510851419,18710,18713
139,126.58,125.3241,0.9900782114078054,18846,18855
140,126.39,127.71,1.010443864229765,18857,18859
141,128.88,128.1654,0.9944553072625699,18862,18864
142,129.77,128.7792,0.9923649533790552,18937,18951
143,126.0,127.16,1.0092063492063492,19071,19091
144,127.51,127.41,0.9992157477844874,19128,19148
145,127.16,129.15540000000001,1.0156920415224915,19195,19214
146,128.3,128.25,0.9996102883865938,19306,19326
147,128.39,127.74,0.9949373004128048,19409,19429
148,127.41,126.6705,0.9941959029903462,19478,19496
149,127.65,126.4626,0.9906980023501761,19541,19547
150,124.11,125.55,1.011602610587382,19583,19603
151,125.55,124.56179999999999,0.9921290322580645,19603,19612
152,121.76,121.47,0.9976182654402102,19913,19933
153,124.15,123.73,0.9966169955698752,20040,20060
154,123.08,122.65,0.9965063373415666,20103,20123
155,123.38,122.95,0.9965148322256444,20144,20164
156,122.43,122.39,0.9996732826921506,20247,20267
157,122.92,124.8588,1.0157728603970062,20286,20299
158,126.82,126.23490000000001,0.9953863743888978,20313,20330
159,127.85,128.2347,1.003008994915917,20405,20414
160,124.77,123.5817,0.9904760759798028,20633,20638
161,124.86,123.7995,0.9915064872657375,20720,20740
162,124.33,123.79,0.9956567200193035,20828,20848
163,121.31,125.99,1.0385788475805786,20932,20952
164,126.99,126.225,0.9939759036144579,20953,20956
165,133.48,132.165,0.9901483368294876,20990,20992
166,123.3,122.16600000000001,0.9908029197080294,21327,21342
167,122.34,122.1,0.9980382540461009,21377,21397
168,107.86,109.0188,1.0107435564620804,21571,21579
169,111.08,110.9592,0.9989124954987396,21643,21649
170,107.83,110.88,1.0282852638412316,21841,21843
171,106.15,105.95644999999999,0.9981766368346677,21923,21924
172,113.54,113.1867,0.9968883212964593,22235,22248
173,114.32,113.3055,0.9911257872638208,22263,22279
174,112.58,110.8913,0.985,22296,22297
175,110.01,110.2761,1.002418871011726,22429,22434
176,109.21,109.52,1.0028385678967129,22509,22529
177,113.43,113.3154,0.9989896852684474,22626,22629
178,114.04,119.5227,1.0480769905296388,22630,22644
179,118.4,118.6218,1.0018733108108107,22992,23004
180,117.51,117.1863,0.9972453408220576,23323,23327
181,117.56,116.4042,0.9901684246342294,23479,23487
182,119.62,118.51289999999999,0.9907448587192775,23525,23527
183,117.37,117.15,0.9981255857544518,23746,23766
184,117.93,117.0378,0.9924344950394302,23848,23866
185,117.54,117.91,1.0031478645567466,23909,23929
186,116.77,116.75,0.9998287231309412,24142,24162
187,117.44,117.31,0.9988930517711172,24216,24236
188,117.9,117.73,0.9985581000848176,24272,24292
189,111.35,110.3355,0.9908890884598114,24787,24791
190,111.24,112.6917,1.0130501618122978,24800,24802
191,114.57,114.6,1.0002618486514794,24912,24932
192,113.91,113.60249999999999,0.9973005003950487,25030,25036
193,115.8,116.19,1.0033678756476685,25183,25203
194,116.61,116.54,0.9993997084298089,25204,25224
195,116.92,116.2953,0.9946570304481697,25312,25317
196,118.07,118.6911,1.0052604387227917,25424,25439
197,116.34,115.47,0.9925219185146983,25597,25617
198,116.7,117.41,1.0060839760068552,25750,25770
199,117.87,118.97,1.0093323152625773,25857,25877
200,119.4,118.89899999999999,0.9958040201005024,25885,25901
201,119.86,121.3938,1.0127965960287002,25993,26004
202,124.65,127.34,1.0215804251905334,26152,26172
203,126.16,125.89,0.9978598604946101,26317,26337
204,131.72,131.6799,0.9996955663528697,26402,26406
205,139.11,137.06275,0.9852832290992738,26419,26420
206,139.3,139.94,1.0045944005743,26777,26797
207,142.72,141.6987,0.9928440302690583,26802,26804
208,134.33,135.19,1.0064021439737958,27129,27149
209,136.1,136.81,1.00521675238795,27151,27171
210,139.56,141.52,1.0140441387216967,27336,27356
211,143.64,142.51964999999998,0.9922002923976608,27363,27364
212,146.88,146.025,0.9941789215686275,27367,27369
213,148.53,148.401,0.999131488588164,27464,27472
214,151.79,150.58890000000002,0.9920870940114634,27504,27506
215,142.42,141.4611,0.9932670973177924,27818,27825
216,143.68,143.352,0.9977171492204899,27834,27839
217,133.71,133.2441,0.9965155934485079,28058,28062
218,121.8,121.51945,0.9976966338259442,28104,28105
219,129.41,129.4326,1.0001746387450738,28165,28167
220,132.18,132.6402,1.0034816159782114,28240,28248
221,133.77,133.3629,0.996956716752635,28396,28410
222,130.17,129.9276,0.9981378197741417,28652,28660
223,131.94,131.24,0.9946945581324845,28770,28790
224,130.18,130.1454,0.9997342141650022,28820,28827
225,129.73,131.44,1.0131812225391197,29019,29039
226,133.77,132.86790000000002,0.9932563355012335,29121,29125
227,132.04,132.0,0.9996970614965163,29211,29231
228,133.7,132.82829999999998,0.9934801795063575,29272,29274
229,130.35,131.91,1.0119677790563866,29416,29436
230,133.22,134.7687,1.0116251313616573,29549,29557
231,136.31,136.07549999999998,0.9982796566649547,29573,29588
232,133.74,133.0164,0.9945895020188424,29828,29846
233,135.96,135.3132,0.9952427184466018,29987,29995
234,136.97,135.7587,0.9911564576184566,30118,30126
235,134.44,133.54109999999997,0.9933137459089555,30240,30251
236,133.02,132.38,0.9951886934295594,30394,30414
237,125.08,125.1558,1.0006060121522227,30872,30875
238,126.01,128.64,1.0208713594159193,31042,31062
239,122.13,123.7005,1.0128592483419308,31195,31207
240,122.92,123.84,1.0074845427920598,31343,31363
241,125.96,125.36,0.9952365830422357,31413,31433
242,125.09,124.8,0.9976816691981772,31567,31587
243,124.35,123.5916,0.9939010856453558,31672,31692
244,123.36,122.74,0.9949740596627756,31818,31838
245,123.69,126.225,1.0204947853504729,31914,31925
246,129.21,129.88799999999998,1.005247271882981,31927,31929
247,130.85,130.58100000000002,0.9979442109285444,32393,32399
248,132.9,132.47,0.9967644845748683,32464,32484
249,132.29,134.15,1.014060019653791,32566,32586
250,135.43,135.24,0.9985970612124345,32766,32786
251,134.25,133.3431,0.9932446927374301,32873,32883
252,134.53,133.61,0.9931613766446147,32960,32980
253,135.95,136.92,1.0071349760941521,33042,33062
254,136.94,140.07510000000002,1.0228939681612386,33120,33138
255,142.82,141.9264,0.9937431732250386,33142,33144
256,141.15,140.0157,0.9919638682252923,33345,33352
257,136.21,136.84,1.0046252110711402,33747,33767
258,138.76,139.48,1.0051888152205246,33822,33842
259,137.76,137.83,1.000508130081301,34085,34105
260,138.72,140.2434,1.0109818339100347,34113,34122
261,138.3,137.55,0.9945770065075922,34385,34405
262,138.46,138.31,0.9989166546294959,34479,34499
263,138.01,139.07,1.0076806028548657,34575,34595
264,141.55,140.58,0.993147297774638,34630,34646
265,135.52,136.61010000000002,1.0080438311688311,34885,34893
266,135.72,135.81,1.0006631299734747,35030,35050
267,135.34,134.92,0.9968967045958326,35345,35365
268,136.9,137.53,1.0046018991964938,35512,35532
269,137.05,136.07,0.9928493250638452,35579,35599
270,135.5,136.21,1.005239852398524,35662,35682
271,136.45,136.5,1.0003664345914256,35724,35744
272,137.58,137.57,0.9999273150167174,35752,35772
273,135.75,135.24,0.996243093922652,36095,36115
274,134.97,135.08,1.0008149959250205,36144,36164
275,136.15,135.65,0.9963275798751378,36190,36210
276,134.71,134.6,0.9991834310741592,36249,36269
277,135.52,134.343,0.991314935064935,36322,36325
278,134.56,133.95,0.9954667063020213,36403,36423
279,134.82,134.66,0.9988132324580923,36600,36620
280,135.2,135.75,1.0040680473372783,36702,36722
281,137.47,138.3426,1.0063475667418347,36907,36923
282,139.95,139.92,0.9997856377277599,37192,37212
283,137.66,136.92,0.9946244370187418,37422,37442
284,136.71,136.84,1.0009509180016092,37494,37514
285,136.45,136.32,0.9990472700622939,37643,37663
286,135.41,134.79,0.9954213130492577,37742,37762
287,135.67,135.71,1.000294833050785,37857,37877
288,136.42,136.41,0.9999266969652544,37956,37976
289,137.12,137.08,0.9997082847141191,38116,38136
290,137.43,136.1844,0.990936476751801,38211,38228
291,129.37,129.44,1.0005410837133801,38524,38544
292,129.0,127.77929999999999,0.9905372093023255,38588,38593
293,128.82,128.72,0.9992237230243751,38883,38903
294,129.2,129.02,0.998606811145511,38966,38986
295,128.72,128.44,0.9978247358607831,39020,39040
296,129.37,128.69,0.9947437582128777,39052,39072
297,128.24,128.25,1.0000779787897691,39157,39177
298,129.05,128.52,0.9958930647036033,39304,39324
299,126.42,128.06,1.0129726309128302,39472,39492
300,129.7,129.9,1.0015420200462608,39592,39612
301,130.37,129.35,0.9921761141366878,39912,39932
302,129.93,130.4,1.003617332409759,39947,39967
303,129.84,129.8,0.9996919285274184,40052,40072
304,129.62,129.38,0.9981484338836598,40197,40217
305,129.01,128.48,0.9958917913340051,40302,40322
306,128.68,128.41,0.9979017718371153,40445,40465
307,129.16,129.47,1.0024001238773614,40485,40505
308,129.03,128.92,0.9991474850809888,40673,40693
309,124.96,125.81,1.006802176696543,41153,41173
310,126.49,126.72,1.0018183255593327,41399,41419
311,128.19,129.54,1.010531242686637,41572,41592
312,131.0,130.185,0.9937786259541985,41695,41712
313,130.78,130.31,0.996406178314727,41752,41772
314,130.4,130.44,1.0003067484662576,41872,41892
315,131.09,131.1,1.0000762834693722,41909,41929
316,133.32,133.3134,0.9999504950495051,41962,41972
317,131.64,131.96,1.0024308720753572,42128,42148
318,133.16,132.3927,0.9942377590868128,42196,42209
319,132.36,131.9,0.9965246297975219,42395,42415
320,132.17,133.27,1.0083226148142546,42466,42486
321,133.98,133.41,0.9957456336766682,42489,42509
322,134.69,133.75,0.9930210112109288,42544,42564
323,134.94,133.79850000000002,0.9915406847487774,42621,42637
324,132.08,132.83,1.0056783767413688,42714,42734
325,131.43,132.3,1.0066194932663777,43089,43109
326,131.91,131.97,1.0004548555833523,43181,43201
327,132.55,133.04,1.0036967182195395,43215,43235
328,132.71,132.77,1.000452113631226,43263,43283
329,132.28,132.43,1.0011339582703358,43479,43499
330,132.6,132.91,1.0023378582202112,43601,43621
331,133.17,132.69,0.9963955845911242,43830,43850
332,133.48,134.83,1.0101138747377887,43902,43922
333,134.88,134.66,0.9983689205219455,43972,43992
334,133.4,133.14,0.9980509745127435,44135,44155
335,133.09,132.84,0.9981215718686604,44388,44408
336,132.1,132.23,1.0009841029523088,44532,44552
337,131.87,132.0,1.000985819367559,44739,44759
338,132.3,131.9175,0.9971088435374148,44871,44878
339,129.36,129.74,1.0029375386518242,45322,45342
340,130.21,130.65,1.0033791567467936,45356,45376
341,131.6,131.97,1.0028115501519757,45387,45407
342,132.17,132.87,1.0052962094272528,45472,45492
343,132.87,134.01,1.0085798148566267,45492,45512
344,135.99,135.6201,0.9972799470549305,45563,45566
345,137.1,137.83769999999998,1.0053807439824944,45592,45594
346,136.73,136.13,0.995611789658451,45652,45672
347,135.73,135.84,1.0008104324762397,45907,45927
348,136.92,136.7,0.9983932223196027,45984,46004
349,137.1,137.31,1.001531728665208,46034,46054
350,137.01,137.2,1.0013867600905044,46188,46208
351,138.38,137.2437,0.9917885532591415,46312,46315
352,137.61,138.77,1.0084296199404112,46467,46487
353,140.11,141.31,1.0085646991649417,46553,46573
354,144.9,147.9951,1.021360248447205,46612,46617
355,141.5,140.4612,0.9926586572438162,46782,46792
356,142.44,142.16,0.9980342600393148,47185,47205
357,141.74,141.43,0.9978128968533935,47380,47400
358,141.87,142.35,1.0033833791499258,47405,47425
359,143.16,144.51,1.0094300083822296,47469,47489
360,144.49,145.43,1.0065056405287562,47616,47636
361,146.29,145.2528,0.9929099733406249,47688,47695
362,141.33,141.77,1.0031132809736079,47918,47938
363,140.71,140.7978,1.000623978395281,48046,48060
364,140.34,140.65,1.0022089211913923,48294,48314
365,141.86,141.97,1.0007754123784012,48411,48431
366,141.86,141.62,0.9983081911743972,48532,48552
367,140.94,140.2,0.9947495388108414,48801,48821
368,140.9,140.96,1.0004258339247694,48887,48907
369,141.91,141.47,0.9968994433091396,48997,49017
370,142.62,143.37,1.005258729490955,49057,49077
371,141.81,141.91,1.0007051688879487,49296,49316
372,142.76,142.12,0.9955169515270385,49398,49418
373,142.58,143.4,1.0057511572450553,49433,49453
374,144.17,143.33,0.9941735451203442,49499,49519
375,143.38,143.17,0.9985353605802761,49565,49585
376,143.37,142.3,0.9925367929134408,49612,49632
377,144.56,144.8172,1.0017791920309906,49698,49704
378,144.55,144.37,0.998754756139744,49912,49932
379,144.13,143.94,0.9986817456462915,50129,50149
380,144.05,142.84709999999998,0.9916494272821935,50245,50265
381,143.75,142.79,0.9933217391304348,50479,50499
382,142.8,142.93,1.0009103641456583,50573,50593
383,143.88,143.36,0.9963858771198222,50767,50787
384,143.7,143.6,0.9993041057759221,50835,50855
385,142.97,143.14,1.0011890606420926,51232,51252
386,143.21,144.04,1.0057956846588925,51358,51378
387,144.47,145.56,1.0075448189935627,51592,51612
388,146.99,147.8466,1.0058276073202257,51639,51658
389,150.76,150.48,0.9981427434332714,51752,51772
390,151.42,152.96,1.010170387003038,51897,51917
391,153.66,154.04,1.002472992320708,52012,52032
392,155.88,156.41,1.0034000513215293,52113,52133
393,157.73,159.83,1.0133138908260955,52288,52308
394,162.17,163.3302,1.0071542208793243,52313,52317
395,165.89,165.61,0.9983121345469891,52412,52432
396,166.25,164.736,0.9908932330827067,52542,52560
397,166.08,170.12,1.0243256262042388,52752,52772
398,172.16,174.92,1.016031598513011,52794,52814
399,176.18,174.4578,0.9902247701214666,52815,52821
400,170.46,169.6266,0.9951108764519535,52913,52929
401,168.5,169.46,1.0056973293768547,52943,52963
402,171.42,173.25,1.0106755337766888,53214,53234
403,173.04,173.61,1.0032940360610265,53373,53393
404,169.61,172.1,1.0146807381640233,53752,53772
405,170.3,169.02,0.9924838520258368,53906,53926
406,164.61,164.3895,0.9986604702022962,54010,54027
407,166.22,167.50799999999998,1.0077487666947418,54382,54402
408,170.26,171.3195,1.0062228356631036,54416,54421
409,173.48,172.7352,0.9957067097071709,54588,54596
410,169.18,169.93,1.004433148126256,54821,54841
411,169.37,169.12,0.9985239416661746,54952,54972
412,168.86,167.4981,0.9919347388369062,55042,55062
413,169.92,168.7554,0.9931461864406781,55194,55199
414,172.17,172.14,0.9998257536156124,55452,55472
415,173.39,172.9,0.9971740008074285,55639,55659
416,170.67,171.09,1.0024608894357534,55786,55806
417,171.03,171.3,1.0015786704087002,55834,55854
418,170.65,170.7,1.0002929973630237,56048,56068
419,172.28,172.81,1.0030763872765265,56146,56166
420,170.21,171.18,1.0056988426061924,56536,56556
421,170.34,170.09,0.9985323470705647,56633,56653
422,170.33,170.4,1.0004109669465155,56713,56733
423,169.86,168.91,0.994407158836689,56774,56794
424,169.64,170.07,1.002534779533129,56916,56936
425,169.38,168.93,0.9973432518597237,57209,57229
426,163.05,161.59769999999997,0.9910929162833484,57415,57417
427,157.36,158.63,1.0080706659888152,57596,57616
428,158.19,158.21,1.000126430242114,57836,57856
429,157.6,156.3804,0.992261421319797,57917,57931
430,157.28,157.26,0.9998728382502543,57997,58017
431,154.16,155.58,1.009211209133368,58073,58093
432,158.53,158.15,0.997602977354444,58313,58333
433,159.36,160.11,1.0047063253012047,58372,58392
434,158.6,158.34,0.9983606557377049,58552,58572
435,160.42,160.85,1.0026804637825708,58792,58812
436,158.12,158.53,1.002592967366557,59140,59160
437,158.5,158.55,1.0003154574132493,59220,59240
438,157.63,157.62,0.9999365602994355,59514,59534
439,157.06,156.18,0.9943970457150134,59689,59709
440,155.05,156.99,1.0125120928732667,59851,59871
441,157.5,158.27,1.004888888888889,59943,59963
442,158.88,157.9,0.9938318227593153,60007,60027
443,158.04,157.8,0.9984813971146547,60074,60094
444,156.8,156.96,1.0010204081632652,60447,60467
445,157.45,157.49,1.0002540489044143,60472,60492
446,158.25,157.34,0.9942496050552923,60577,60597
447,158.09,158.21,1.0007590612941994,60682,60702
448,161.33,162.34,1.0062604599268579,60947,60967
449,164.13,163.1322,0.9939206726375435,61012,61027
450,162.58,163.91,1.0081805880182064,61130,61150
451,164.1,162.6867,0.9913875685557587,61312,61323
452,153.13,153.74,1.0039835433945015,61802,61822
453,152.52,151.75,0.9949514817728822,61971,61991
454,153.6,153.12,0.9968750000000001,62090,62110
455,155.23,156.01,1.005024801906848,62127,62147
456,153.41,152.86,0.9964148360602308,62232,62252
457,153.02,152.81640000000002,0.9986694549732061,62275,62290
458,154.15,153.67,0.9968861498540381,62395,62415
459,154.02,154.49,1.0030515517465264,62572,62592
460,155.57,155.6,1.0001928392363566,62632,62652
461,156.89,158.95,1.013130218624514,62692,62712
462,157.51,156.915,0.9962224620659006,62752,62768
463,156.89,156.92,1.0001912167760851,62872,62892
464,157.19,157.83,1.004071505820981,62986,63006
465,157.58,157.96,1.002411473537251,63083,63103
466,158.67,158.02,0.9959034474065672,63143,63163
467,157.94,158.49,1.0034823350639483,63302,63322
468,157.15,157.53,1.0024180719058224,63448,63468
469,159.0,160.2,1.0075471698113208,63716,63736
470,160.94,161.36,1.002609668199329,63872,63892
471,158.93,159.73,1.0050336626187628,64194,64214
472,159.62,159.23,0.9975566971557448,64268,64288
473,157.7,158.25,1.0034876347495245,64410,64430
474,158.65,158.99,1.0021430822565396,64431,64451
475,159.51,159.85,1.0021315278038994,64479,64499
476,160.57,160.04,0.9966992588902036,64548,64568
477,159.93,159.95,1.0001250547114362,64614,64634
478,160.84,160.39,0.9972021885103207,64688,64708
479,157.83,157.16,0.995754926186403,65183,65203
480,156.0,156.5,1.0032051282051282,65269,65289
481,157.56,157.48,0.9994922569179994,65375,65395
482,157.32,157.67,1.002224764810577,65518,65538
483,156.59,155.13299999999998,0.9906954467079633,65642,65653
484,155.54,155.78,1.0015430114440016,65658,65678
485,153.84,155.3,1.0094903796151846,66120,66140
486,155.3,155.07,0.9985189954925948,66140,66160
487,156.12,157.905,1.0114335126825518,66173,66176
488,164.0,166.32,1.0141463414634146,66190,66192
489,169.04,172.755,1.021977046852816,66254,66266
490,170.08,170.11,1.0001763875823142,66352,66372
491,172.01,171.3987,0.9964461368525086,66695,66713
492,172.1,171.01260000000002,0.9936815804764674,66939,66952
493,173.2,173.17,0.9998267898383372,67072,67092
494,172.7,172.01,0.9960046323103648,67310,67330
495,171.39,170.7,0.9959740941711885,67421,67441
496,170.07,169.8,0.9984124184159465,67638,67658
497,171.59,171.54,0.999708607727723,67751,67771
498,171.58,171.33,0.9985429537242103,67812,67832
499,170.12,169.85,0.9984128850223372,68093,68113
500,170.1,170.17,1.0004115226337449,68153,68173
501,171.15,171.31,1.0009348524685948,68382,68402
502,170.72,171.85,1.0066190253045924,68572,68592
503,171.85,173.2104,1.007916205993599,68592,68612
504,173.7,173.57,0.9992515831894071,68755,68775
505,173.32,173.7,1.0021924763443342,68872,68892
506,173.0,173.23,1.0013294797687862,68932,68952
507,173.55,173.42,0.9992509363295878,69115,69135
508,173.6,173.52,0.9995391705069125,69195,69215
509,172.48,173.79,1.0075950834879406,69335,69355
510,176.19,178.2,1.011408138940916,69404,69408
511,184.1,182.952,0.9937642585551331,69578,69592
512,182.75,183.02,1.0014774281805745,69788,69808
513,183.23,183.44,1.0011461005293893,69880,69900
514,185.77,188.52,1.0148032513322927,69988,70008
515,186.05,184.338,0.9907981725342649,70370,70386
516,182.33,182.06,0.9985191685405582,70749,70769
517,181.99,181.16,0.9954393098521896,71151,71171
518,181.04,181.68,1.003535130357932,71248,71268
519,181.97,182.12,1.0008243116997309,71341,71361
520,182.3,181.77390000000003,0.9971140976412508,71389,71406
521,182.04,183.72,1.009228740936058,71662,71682
522,184.22,183.13,0.9940831614374118,71692,71712
523,184.99,185.22,1.0012433104492133,71752,71772
524,183.64,183.64,1.0,71954,71974
525,184.02,182.35799999999998,0.9909683730029343,71991,71996
526,171.29,171.66,1.002160079397513,73120,73140
527,171.9,172.63,1.0042466550319953,73273,73293
528,170.79,170.2,0.9965454651911704,73551,73571
529,169.14,169.61,1.002778763154783,73635,73655
530,170.58,170.06,0.9969515769726813,73760,73780
531,171.37,171.765,1.0023049541926823,73822,73842
532,172.23,171.567,0.9961504964291936,74022,74030
533,172.24,172.52,1.001625638643753,74303,74323
534,170.64,170.91,1.0015822784810127,74467,74487
535,172.98,173.18,1.001156203029252,74743,74763
536,174.34,175.86,1.0087185958471951,74838,74858
537,175.44,175.19,0.9985750113999088,74932,74952
538,175.38,175.27,0.9993727905120311,75103,75123
539,175.75,179.71,1.0225320056899005,75187,75207
540,182.19,181.71,0.9973653877819859,75262,75282
541,183.54,182.78,0.9958592132505176,75385,75405
542,181.45,181.05,0.9977955359603198,75473,75493
543,181.49,181.7,1.0011570885448233,75497,75517
544,182.02,182.52,1.0027469508845182,75593,75613
545,183.52,186.23,1.014766782911944,75927,75947
546,181.53,182.75,1.0067206522337906,76515,76535
547,183.17,184.17,1.0054594092919147,76536,76556
548,185.6,186.0,1.0021551724137931,76647,76667
549,189.7,191.6937,1.0105097522403796,76692,76695
550,190.6,188.892,0.9910388247639035,76792,76798
551,189.57,189.41,0.999155984596719,77021,77041
552,190.25,190.01,0.9987385019710906,77142,77162
553,188.28,187.82,0.9975568302528149,77435,77455
554,188.96,187.84,0.9940728196443691,77512,77532
555,188.98,188.33,0.9965604825907505,77699,77719
556,189.36,188.6,0.9959864807773552,77834,77854
557,187.72,188.24,1.002770083102493,77917,77937
558,187.37,187.89,1.002775257511875,78262,78282
559,188.43,188.4,0.9998407896831715,78360,78380
560,188.23,188.72,1.00260319821495,78532,78552
561,188.04,187.59,0.9976068921506063,78602,78622
562,187.72,188.0,1.0014915832090348,78832,78852
563,190.99,191.47,1.0025132205874652,78877,78897
564,196.73,194.931,0.9908554872159814,78982,78993
565,194.94,194.53,0.9978967887555146,79217,79237
566,195.37,193.9905,0.9929390387469929,79243,79250
567,195.86,194.99,0.9955580516695599,79400,79420
568,196.31,196.37640000000002,1.0003382405379249,79512,79515
569,193.34,193.64,1.001551670632047,79661,79681
570,195.0,195.22,1.001128205128205,80134,80154
571,195.41,194.86,0.9971854050458012,80165,80185
572,193.69,193.42,0.9986060199287521,80324,80344
573,193.94,193.37,0.9970609466845416,80489,80509
574,193.56,193.89,1.0017048977061376,80521,80541
575,194.91,195.36,1.0023087578882561,80573,80593
576,195.39,195.19,0.998976406162035,80619,80639
577,196.73,196.87,1.0007116352361105,80651,80671
578,198.47,198.06,0.9979341966040208,80802,80822
579,195.5,195.84,1.0017391304347827,81226,81246
580,197.13,197.22,1.0004565515142292,81420,81440
581,198.18,197.48,0.9964678575032797,81442,81462
582,197.66,197.37,0.9985328341596682,81651,81671
583,195.81,194.91,0.9954037076758081,81801,81821
584,195.09,195.24,1.0007688759034292,82103,82123
585,194.94,194.96,1.0001025956704628,82200,82220
586,193.45,194.3,1.0043939002326183,82254,82274
587,192.03,192.22,1.0009894287350936,82505,82525
588,193.83,194.58,1.003869370066553,82707,82727
589,195.36,194.38,0.9949836199836198,82743,82763
590,195.86,196.06,1.0010211375472275,82808,82828
591,195.01,195.17,1.00082047074509,82922,82942
592,194.14,194.43,1.0014937673843618,83097,83117
593,193.93,193.66,0.9986077450626514,83179,83199
594,195.1,195.24,1.000717580727832,83321,83341
595,195.56,194.86,0.9964205358969115,83347,83367
596,196.88,196.84,0.9997968305566843,83535,83555
597,196.29,196.3,1.0000509450303123,84119,84139
598,196.55,196.43,0.9993894683286695,84222,84242
599,196.87,196.96,1.000457154467415,84249,84269
600,197.06,196.99,0.99964477824013,84322,84342
601,198.09,197.42579999999998,0.9966469786460699,84444,84451
602,199.97,202.1085,1.0106941041156172,84682,84685
603,205.47,205.05,0.9979559059716747,84829,84849
604,208.82,209.3,1.002298630399387,85072,85092
605,210.45,208.8801,0.9925402708481825,85102,85112
606,210.6,213.35,1.0130579297245963,85286,85306
607,215.8,216.5823,1.0036251158480074,85323,85329
608,216.25,216.27,1.000092485549133,85555,85575
609,213.75,214.23,1.0022456140350877,85657,85677
610,215.24,215.24,1.0,85704,85724
611,218.19,216.97,0.9944085430129703,85852,85872
612,217.47,217.0,0.9978387823607854,85873,85893
613,217.15,218.48,1.0061247985263642,85917,85937
614,218.67,218.68,1.000045731010198,85943,85963
615,221.28,224.34,1.01382863340564,85973,85993
616,224.34,223.8588,0.9978550414549344,85993,86002
617,218.13,217.31,0.9962407738504562,86278,86298
618,208.98,207.3852,0.992368647717485,86718,86722
619,208.33,206.3556,0.9905227283636538,86748,86764
620,203.84,203.74200000000002,0.9995192307692309,86821,86832
621,210.04,212.1,1.0098076556846316,86917,86937
622,208.72,208.94,1.0010540436949023,87226,87246
623,208.83,210.21,1.006608245941675,87439,87459
624,212.87,214.74,1.0087847042796072,87519,87539
625,213.51,211.59269999999998,0.9910200927357032,87622,87641
626,213.7,214.36,1.0030884417407582,87849,87869
627,216.07,216.11,1.0001851251909104,87888,87908
628,209.52,210.12,1.0028636884306987,88456,88476
629,213.53,212.85,0.9968154357701494,88886,88906
630,212.81,213.42,1.0028664066538227,89362,89382
631,213.52,212.96,0.9973772948669913,89482,89502
632,213.76,213.34,0.9980351796407186,89544,89564
633,215.11,214.05,0.995072288596532,89647,89667
634,212.7,212.97,1.0012693935119887,89829,89849
635,216.66,216.83,1.00078463952737,90112,90132
636,217.35,217.31,0.9998159650333563,90242,90262
637,217.31,217.48,1.000782292577424,90262,90282
638,218.02,217.27,0.9965599486285662,90345,90365
639,209.28,209.3,1.0000955657492354,91105,91125
640,208.76,208.43,0.9984192374018012,91189,91209
641,208.67,208.65,0.9999041548857048,91228,91248
642,208.72,207.62,0.9947297815254887,91296,91316
643,210.46,209.85,0.9971015869999049,91451,91471
644,198.15,199.07,1.004642947262175,91963,91983
645,200.42,201.75,1.0066360642650434,92004,92024
646,199.21,199.72,1.0025601124441543,92092,92112
647,199.51,200.02,1.002556262843968,92139,92159
648,202.09,202.61,1.002573110990153,92272,92292
649,204.57,204.49,0.9996089358165909,92422,92442
650,208.09,206.0487,0.9901903022730549,92914,92932
651,206.58,207.76,1.0057120728047244,92951,92971
652,208.38,207.78,0.9971206449755255,93018,93038
653,209.66,210.22,1.0026709911284937,93253,93273
654,209.19,209.44,1.001195085807161,93381,93401
655,209.33,209.07,0.9987579420054459,93476,93496
656,204.07,203.29649999999998,0.9962096339491351,93908,93922
657,204.48,203.66,0.9959898278560251,94009,94029
658,204.38,204.72,1.001663567863783,94194,94214
659,205.66,205.31,0.9982981620149762,94222,94242
660,203.08,203.82,1.0036438841835729,94464,94484
661,204.29,204.67,1.0018601008370454,94575,94595
662,205.46,207.61,1.0104643239560012,94617,94637
663,207.14,206.99,0.9992758520807185,94702,94722
664,207.34,207.67,1.0015915886948972,94762,94782
665,208.46,208.05,0.9980331958169433,94882,94902
666,210.52,208.66230000000002,0.9911756602698081,95122,95131
667,208.54,207.66,0.9957801860554331,95365,95385
668,205.74,203.6826,0.99,95584,95603
669,205.78,205.27,0.9975216250364467,95771,95791
670,205.77,206.2269,1.0022204402974193,96000,96013
671,204.58,204.97,1.0019063447062273,96159,96179
672,203.83,204.1,1.0013246332728254,96263,96283
673,204.48,205.48,1.004890453834116,96357,96377
674,204.37,204.14,0.9988745902040416,96562,96582
675,205.06,207.27,1.0107773334633765,96598,96618
676,205.8,207.43,1.0079203109815353,96870,96890
677,208.54,206.86049999999997,0.9919463891819315,96896,96905
678,212.11,212.94899999999998,1.0039554947904388,96927,96930
679,212.68,212.17,0.9976020312206131,97162,97182
680,212.9,211.94,0.9954908407703147,97184,97204
681,212.32,211.98,0.9983986435568952,97206,97226
682,216.51,214.4439,0.9904572537065264,97342,97351
683,212.33,212.15,0.99915226298686,97537,97557
684,210.3,210.16,0.9993342843556823,97843,97863
685,211.1,211.32,1.0010421601136903,97935,97955
686,210.19,210.18,0.9999524239973357,98086,98106
687,212.18,212.16,0.9999057404090865,98148,98168
688,213.87,213.99,1.0005610885117127,98273,98293
689,214.47,214.49,1.0000932531356368,98580,98600
690,213.22,213.7,1.0022511959478473,98785,98805
691,213.47,213.56,1.000421604909355,98953,98973
692,210.86,211.06,1.0009484966328368,99351,99371
693,212.68,212.37,0.9985424111340981,99603,99623
694,213.49,213.62,1.0006089278186332,99690,99710
695,213.42,212.73,0.9967669384312623,99781,99801
696,211.24,211.78,1.0025563340276462,99864,99884
697,212.47,211.85,0.997081940979903,99965,99985
698,210.67,211.32,1.003085394218446,100093,100113
699,188.49,186.21425000000002,0.9879264151944401,100184,100185
700,187.72,187.28,0.9976560835286598,100562,100582
701,188.89,189.96,1.0056646725607497,100598,100618
702,191.59,191.07,0.9972858708700871,100647,100665
703,189.56,190.39,1.0043785608778222,100954,100974
704,189.18,187.6941,0.9921455756422454,101123,101130
705,182.44,184.29,1.0101403201052401,101182,101202
706,186.46,188.89,1.0130322857449319,101362,101382
707,188.89,187.85,0.9944941500344116,101422,101442
708,187.94,188.28,1.0018090880068107,101588,101608
709,189.01,188.9,0.9994180202105709,101830,101850
710,188.45,187.89,0.9970283894932342,101867,101887
711,184.7,187.11,1.0130481862479699,102202,102222
712,188.93,187.3179,0.9914672100778066,102247,102264
713,189.36,189.12,0.9987325728770595,102312,102332
714,190.85,191.565,1.0037463976945245,102346,102354
715,188.5,187.72,0.9958620689655172,102571,102591
716,186.07,185.54,0.9971516096092868,103024,103044
717,187.92,187.31,0.996753937845892,103162,103182
718,188.84,188.46,0.9979877144672739,103349,103369
719,188.36,189.16,1.0042471862391165,103527,103547
720,190.93,189.58,0.9929293458335516,103585,103605
721,189.97,189.52,0.9976312049270938,103666,103686
722,191.18,189.94,0.9935139658960142,103762,103782
723,192.0,191.44,0.9970833333333333,103898,103918
724,191.57,191.23,0.9982251918358824,104002,104022
725,191.68,191.56,0.9993739565943238,104071,104091
726,190.87,190.66,0.9988997747157751,104153,104173
727,190.1,189.04,0.9944239873750658,104242,104262
728,190.41,190.16,0.9986870437477023,104487,104507
729,191.04,190.53,0.9973304020100503,104533,104553
730,190.85,190.67,0.9990568509300497,104601,104621
731,190.74,190.5,0.9987417426863793,104780,104800
732,190.18,190.28,1.0005258176464402,105068,105088
733,190.91,190.4,0.9973285841495994,105142,105162
734,192.4,194.0,1.0083160083160083,105245,105265
735,198.78,197.2476,0.9922909749471778,105442,105448
736,196.61,196.52,0.9995422409846905,105622,105642
737,197.75,197.67,0.9995954487989885,105685,105705
738,200.51,200.12,0.9980549598523765,105799,105819
739,199.54,199.88,1.0017039190137316,105880,105900
740,197.17,198.05,1.0044631536237765,106247,106267
741,199.28,199.07,0.9989462063428342,106299,106319
742,199.3,200.45,1.005770195684897,106359,106379
743,201.48,203.47,1.0098769108596388,106450,106470
744,205.79,203.9598,0.9911064677583945,106526,106531
745,203.0,201.09869999999998,0.9906339901477832,106882,106897
746,199.49,200.2,1.0035590756428894,107039,107059
747,203.82,203.33,0.9975959179668336,107100,107120
748,204.21,204.02,0.9990695852308897,107261,107281
749,202.75,202.25,0.9975339087546239,107436,107456
750,200.31,198.8316,0.9926194398682043,107500,107514
751,199.33,198.59,0.9962875633371795,107663,107683
752,199.69,199.63,0.9996995342781311,107965,107985
753,201.15,201.45,1.0014914243102162,108039,108059
754,200.2,199.65,0.9972527472527474,108098,108118
755,197.75,196.72,0.9947914032869785,108711,108731
756,196.15,196.97,1.0041804741269436,108837,108857
757,198.8,198.95,1.0007545271629779,108938,108958
758,198.78,198.66,0.9993963175369756,109018,109038
759,199.38,200.17,1.0039622830775403,109042,109062
760,200.82,201.43,1.0030375460611494,109092,109112
761,201.44,200.64,0.9960285941223193,109222,109242
762,200.25,199.69,0.997203495630462,109399,109419
763,200.82,200.54,0.9986057165620954,109484,109504
764,200.66,202.06,1.0069769759792684,109522,109542
765,202.98,202.25,0.9964035865602523,109545,109565
766,200.58,200.94,1.0017947950942268,109751,109771
767,200.49,198.82,0.9916704075016209,109853,109873
768,199.23,199.36,1.0006525121718617,109878,109898
769,201.1,201.29,1.0009448035803084,110067,110087
770,201.24,201.63,1.001937984496124,110155,110175
771,200.89,200.12,0.9961670565981384,110232,110252
772,202.27,201.92,0.9982696395906461,110398,110418
773,202.03,201.49,0.9973271296342128,110482,110502
774,201.85,201.69,0.9992073321773595,110813,110833
775,202.18,204.56,1.0117716885943218,110969,110989
776,206.89,206.74,0.9992749770409397,111021,111041
777,207.3,208.8,1.0072358900144718,111127,111147
778,208.62,209.16,1.002588438308887,111507,111527
779,207.15,207.75,1.002896451846488,111668,111688
780,208.25,208.58,1.0015846338535415,111691,111711
781,209.58,213.93,1.0207557973089034,111749,111769
782,216.07,214.0182,0.9905040033322535,111874,111894
783,212.17,212.13,0.999811471932884,112371,112391
784,212.43,212.37,0.999717554017794,112494,112514
785,212.67,212.63,0.9998119151737433,112578,112598
786,212.75,211.98,0.9963807285546415,112773,112793
787,212.65,213.0,1.0016458970138726,112838,112858
788,212.07,211.81,0.9987739897203753,113572,113592
789,212.1,214.59,1.0117397454031118,113602,113622
790,215.49,213.79049999999998,0.9921133231240428,113799,113811
791,212.55,214.44,1.0088920254057867,114091,114111
792,213.31,213.01,0.9985935961745815,114262,114282
793,211.5,210.66,0.9960283687943262,114328,114348
794,213.27,213.59,1.0015004454447414,114469,114489
795,214.7,214.19,0.9976245924545878,114577,114597
796,214.16,214.1,0.999719835636907,114651,114671
797,214.18,214.75,1.002661312914371,114936,114956
798,213.27,213.4,1.0006095559619261,115282,115302
799,214.01,213.44,0.9973365730573338,115449,115469
800,210.01,209.66,0.9983334126946336,115665,115685
801,209.27,209.48,1.0010034883165289,115733,115753
802,211.39,210.68,0.9966412791522778,116076,116096
803,209.72,209.41,0.9985218386419988,116303,116323
804,209.04,208.77,0.9987083811710679,116440,116460
805,208.82,207.60299999999998,0.9941720141748874,116482,116500
806,207.66,206.82,0.9959549263218723,116719,116739
807,198.84,198.36,0.9975859987929995,117054,117074
808,199.06,197.85,0.9939214307244046,117427,117447
809,198.8,199.42,1.0031187122736418,117587,117607
810,198.92,198.83,0.9995475568067567,117622,117642
811,197.81,199.03,1.0061675345028058,117783,117803
812,201.9,201.3,0.9970282317979198,117862,117882
813,202.1,203.22,1.005541810984661,118037,118057
814,203.76,204.2,1.0021594032194738,118162,118182
815,202.09,202.64,1.0027215597011232,118270,118290
816,204.08,205.41,1.006517052136417,118361,118381
817,205.02,207.05,1.0099014730270217,118408,118428
818,207.05,206.35,0.9966191741125331,118428,118448
819,207.06,207.04,0.9999034096397179,118633,118653
820,209.04,208.73,0.9985170302334482,118975,118995
821,209.2,210.19,1.004732313575526,119005,119025
822,207.3,207.09,0.9989869753979739,119379,119399
823,207.32,206.57,0.9963824040131198,119836,119856
824,206.34,206.57,1.0011146651158283,119876,119896
825,207.03,207.26,1.0011109501038495,120035,120055
826,208.33,207.96,0.9982239715835454,120212,120232
827,207.08,206.52,0.9972957311184083,120291,120311
828,207.08,207.59,1.0024628163028781,120338,120358
829,207.98,209.03,1.0050485623617655,120442,120462
830,209.03,209.5,1.002248481079271,120462,120482
831,208.48,208.71,1.0011032233307753,120513,120533
832,209.9,209.87,0.9998570747975226,120685,120705
833,209.93,209.56,0.9982375077406754,120802,120822
834,210.08,210.23,1.000714013709063,120867,120887
835,206.29,206.4,1.0005332299190461,121245,121265
836,204.34,206.2,1.0091024762650485,121479,121499
837,206.47,207.31,1.004068387659224,121600,121620
838,207.72,206.97,0.9963893703061814,121621,121641
839,205.44,203.5935,0.9910119742990655,121718,121735
840,202.36,202.65,1.001433089543388,121892,121912
841,202.31,201.83,0.997627403489694,121961,121981
842,201.92,202.07,1.0007428684627575,122097,122117
843,201.54,202.04,1.0024808970923886,122134,122154
844,202.79,202.88,1.000443808866315,122155,122175
845,202.39,203.29,1.0044468600227283,122481,122501
846,203.35,202.62,0.9964101303171872,122542,122562
847,204.04,203.44,0.9970594001176241,122598,122618
848,203.12,202.33,0.9961106734935015,122698,122718
849,203.37,203.4,1.0001475143826524,122729,122749
850,204.98,204.65,0.9983900868377403,122831,122851
851,205.1,205.0,0.999512432959532,122911,122931
852,205.66,204.75,0.995575221238938,122947,122967
853,204.4,204.65,1.0012230919765166,123144,123164
854,204.6,203.8,0.9960899315738027,123204,123224
855,204.25,204.51,1.0012729498164015,123385,123405
856,203.25,202.5,0.996309963099631,123588,123608
857,203.73,203.92,1.000932606881657,123672,123692
858,202.65,202.5,0.9992598075499629,123912,123932
859,201.83,201.75,0.9996036268146459,124007,124027
860,200.37,199.76,0.9969556320806507,124234,124254
861,200.97,202.0,1.0051251430561776,124449,124469
862,201.4,200.86,0.9973187686196624,124591,124611
863,202.06,201.33,0.9963872117192913,124702,124722
864,202.33,201.63,0.9965403054416052,124786,124806
865,202.06,202.04,0.9999010194991587,124882,124902
866,202.3,202.56,1.001285219970341,124977,124997
867,203.34,204.0,1.0032457952198288,125000,125020
868,203.3,203.48,1.0008853910477127,125122,125142
869,205.77,206.16,1.0018953200174952,125272,125292
870,206.96,206.86,0.999516814843448,125362,125382
871,206.73,206.8,1.000338605911092,125426,125446
872,207.04,207.75,1.0034292890262753,126054,126074
873,207.88,207.82,0.9997113719453531,126139,126159
874,206.93,206.55,0.9981636302131156,126298,126318
875,206.76,206.8,1.000193461017605,126678,126698
876,208.1,208.46,1.0017299375300337,126809,126829
877,209.67,209.91,1.0011446558878239,126846,126866
878,211.52,212.1,1.0027420574886534,126973,126993
879,215.21,214.49,0.996654430556201,127162,127182
880,213.97,214.54,1.002663924849278,127223,127243
881,214.99,213.87,0.9947904553700172,127358,127378
882,216.56,216.99,1.0019855929072774,127443,127463
883,217.96,219.92,1.0089924756836115,127475,127495
884,221.44,221.0,0.9980130057803468,127522,127542
885,223.56,222.54209999999998,0.9954468599033816,127555,127564
886,222.37,222.39,1.0000899401897738,127674,127694
887,221.72,221.24,0.9978351073425943,127809,127829
888,222.59,221.3145,0.9942697335909071,128015,128023
889,218.44,218.9,1.0021058414209851,128183,128203
890,219.88,219.71,0.9992268510096417,128313,128333
891,220.75,220.55,0.9990939977349944,128367,128387
892,222.07,221.93,0.9993695681541857,128535,128555
893,220.15,220.22,1.0003179650238474,128714,128734
894,219.56,219.52,0.9998178174530881,129042,129062
895,219.47,219.69,1.0010024149086436,129083,129103
896,219.92,219.76,0.9992724627137141,129112,129132
897,221.83,225.31,1.0156876887706803,129195,129215
898,226.29,229.36,1.0135666622475585,129226,129246
899,229.36,227.68019999999999,0.9926761423090337,129246,129254
900,230.85,230.68,0.9992635910764567,129313,129333
901,233.58,233.3,0.9988012672317835,129465,129485
902,233.2,233.76,1.002401372212693,129579,129599
903,234.8,236.97,1.0092419080068142,129615,129635
904,236.78,237.03,1.0010558324182786,129781,129801
905,238.12,237.66,0.9980682009071056,129832,129852
906,235.8,235.9,1.0004240882103477,129937,129957
907,237.28,237.16,0.9994942683749157,130056,130076
908,237.66,241.62,1.0166624589750064,130274,130294
909,246.54,244.53,0.9918471647602823,130325,130327
910,242.5,243.33,1.0034226804123711,130410,130430
911,241.26,238.87709999999998,0.9901231037055459,130604,130621
912,238.99,238.72,0.9988702456169714,130811,130831
913,240.68,239.2,0.9938507561907927,130863,130883
914,238.71,236.99,0.9927946043316158,130921,130941
915,238.03,237.27,0.9968071251522918,131004,131024
916,239.39,238.56,0.9965328543381095,131054,131074
917,236.91,236.78,0.9994512684141658,131264,131284
918,235.23,235.58,1.0014879054542363,131479,131499
919,235.69,235.84,1.0006364292078578,131555,131575
920,234.24,236.03,1.0076417349726776,131710,131730
921,232.0,233.07,1.0046120689655171,131848,131868
922,234.89,236.4,1.0064285410192007,131936,131956
923,239.24,241.93,1.0112439391406118,132082,132102
924,238.29,238.44,1.0006294850812036,132205,132225
925,238.48,239.07,1.0024740020127474,132269,132289
926,238.63,237.91,0.9969827766835687,132404,132424
927,236.99,239.33,1.0098738343390017,132583,132603
928,240.32,239.2,0.9953395472703063,132716,132736
929,238.99,239.78,1.0033055776392317,132808,132828
930,238.53,239.06,1.0022219427325703,132963,132983
931,238.32,238.69,1.0015525344075193,133042,133062
932,240.27,242.08,1.0075331918258625,133080,133100
933,243.16,243.63,1.0019328836979766,133181,133201
934,248.88,247.30200000000002,0.9936595949855354,133227,133230
935,247.57,247.36,0.9991517550591753,133368,133388
936,249.15,248.42,0.9970700381296407,133626,133646
937,248.3,248.53,1.000926298832058,133711,133731
938,249.17,249.21,1.0001605329694587,133823,133843
939,250.86,253.3,1.009726540699992,133919,133939
940,252.95,252.47,0.9981023917770311,134003,134023
941,236.48,236.97,1.0020720568335588,134536,134556
942,237.29,235.3725,0.9919191706350879,134842,134850
943,235.91,236.51,1.0025433428002204,134976,134996
944,235.63,236.44,1.0034375928362262,135053,135073
945,237.12,236.8,0.9986504723346828,135172,135192
946,237.24,237.54,1.0012645422357107,135269,135289
947,238.64,240.22,1.006620851491787,135322,135342
948,239.52,238.88,0.9973279893119572,135473,135493
949,239.8,239.57,0.9990408673894912,135542,135562
950,240.26,239.74,0.9978356780154833,135705,135725
951,240.84,242.6,1.00730775618668,135843,135863
952,241.15,241.71,1.002322206095791,135964,135984
953,243.98,244.41,1.001762439544225,136137,136157
954,245.28,245.99,1.0028946510110894,136286,136306
955,243.24,242.74,0.9979444170366716,136513,136533
956,239.93,243.35,1.0142541574625932,136860,136880
957,246.01,245.06,0.9961383683590098,136962,136982
958,244.79,242.4708,0.99052575677111,137025,137045
959,244.74,243.23,0.9938301871373701,137247,137267
960,240.35,240.06,0.9987934262533805,137379,137399
961,242.16,243.47,1.005409646514701,137504,137524
962,244.43,243.67,0.996890725361044,137569,137589
963,243.86,244.31,1.0018453210858689,137657,137677
964,243.51,244.21,1.0028746252720628,137999,138019
965,243.56,241.95600000000002,0.9934143537526688,138081,138099
966,243.42,244.81,1.0057102949634378,138101,138121
967,243.84,243.04,0.9967191601049868,138286,138306
968,242.58,242.88,1.0012367054167697,138426,138446
969,242.78,242.65,0.9994645357937227,138718,138738
970,241.17,239.97,0.9950242567483518,138909,138929
971,240.0,240.03,1.000125,139254,139274
972,240.73,240.31,0.9982553067752254,139280,139300
973,240.51,240.51,1.0,139378,139398
974,240.59,240.36,0.9990440167920529,139507,139527
975,240.93,243.1,1.0090067654505457,139583,139603
976,243.15,242.88,0.9988895743368291,139687,139707
977,243.46,244.01,1.0022590980037789,139747,139767
978,242.49,242.37,0.9995051342323394,139976,139996
979,242.51,243.13,1.002556595604305,140004,140024
980,241.51,241.59,1.0003312492236347,140262,140282
981,241.91,242.47,1.0023149105039064,140286,140306
982,243.0,242.75,0.9989711934156379,140362,140382
983,240.89,241.45,1.0023247125243888,140502,140522
984,242.61,242.2,0.9983100449280737,140572,140592
985,242.76,242.76,1.0,140766,140786
986,242.55,240.1245,0.99,140973,140992
987,241.21,240.6,0.9974710832884208,141144,141164
988,237.32,234.9765,0.9901251474801955,141303,141312
989,237.43,235.56,0.9921239944404666,141441,141461
990,238.28,238.05,0.9990347490347491,141584,141604
991,238.59,240.07,1.0062031099375497,141655,141675
992,241.88,243.05,1.0048371093104018,141676,141696
993,244.36,244.55,1.0007775413324602,141862,141882
994,243.83,244.16,1.0013534019603823,142006,142026
995,244.56,244.36,0.9991822047759241,142172,142192
996,243.86,243.77,0.9996309357828262,142304,142324
997,243.94,244.28,1.001393785357055,142482,142502
998,243.12,243.66,1.0022211253701876,142709,142729
999,242.44,243.2,1.0031347962382444,142933,142953
1000,243.95,245.63,1.006886657101865,143318,143338
1001,245.63,246.42,1.00321621951716,143338,143358
1002,243.01,242.69,0.9986831817620674,143638,143658
1003,242.17,242.48,1.0012800924970062,144010,144030
1004,243.92,243.7,0.9990980649393244,144082,144102
1005,242.99,243.02,1.000123461870859,144557,144577
1006,244.57,243.97,0.9975467146420248,144890,144910
1007,244.1,243.93,0.9993035641130684,144968,144988
1008,243.69,244.17,1.001969715622307,145098,145118
1009,244.21,244.21,1.0,145205,145225
1010,243.28,243.02,0.9989312726076949,145379,145399
1011,243.53,243.27,0.9989323697285756,145430,145450
1012,242.94,243.38,1.0018111467852144,145526,145546
1013,243.35,243.32,0.9998767207725499,145858,145878
1014,244.77,247.7772,1.0122858193406055,145917,145934
1015,248.0,247.89,0.9995564516129032,146556,146576
1016,246.74,246.55,0.9992299586609387,146757,146777
1017,245.78,246.02,1.0009764830336074,146885,146905
1018,245.64,245.25,0.9984123106985834,146930,146950
1019,234.32,233.59,0.9968846022533289,147372,147392
1020,231.87,231.3,0.9975417259671367,147617,147637
1021,231.94,230.61,0.9942657583857895,147639,147659
1022,229.66,231.54,1.0081860141078116,147691,147711
1023,232.07,232.93,1.0037057784289223,147772,147792
1024,233.19,233.03,0.9993138642308848,147803,147823
1025,234.0,233.89,0.9995299145299145,147862,147882
1026,233.09,234.03,1.004032777038912,148005,148025
1027,236.29,236.82,1.0022430064750942,148165,148185
1028,236.31,236.31,1.0,148280,148300
1029,236.54,236.98,1.0018601505030862,148342,148362
1030,236.66,236.48,0.9992394151947942,148452,148472
1031,238.57,238.4,0.9992874208827598,148519,148539
1032,235.14,235.74,1.0025516713447309,148745,148765
1033,238.13,237.69,0.9981522697686138,148920,148940
1034,237.48,237.67,1.0008000673740947,149045,149065
1035,237.69,237.14,0.9976860616769742,149118,149138
1036,236.77,236.87,1.0004223508045782,149214,149234
1037,236.45,235.56,0.9962359906957073,149348,149368
1038,235.91,236.3,1.0016531728201434,149513,149533
1039,236.48,236.84,1.0015223274695535,149651,149671
1040,236.96,236.58,0.9983963538149899,149676,149696
1041,235.89,235.73,0.9993217177497986,149814,149834
1042,236.83,237.88,1.0044335599375078,149965,149985
1043,237.77,237.47,0.9987382764856794,150240,150260
1044,237.7,237.71,1.0000420698359278,150262,150282
1045,238.54,238.17,0.9984488974595456,150695,150715
1046,237.76,237.55,0.9991167563930015,150807,150827
1047,237.34,237.32,0.9999157327041375,150848,150868
1048,237.47,236.63,0.9964627110792942,150883,150903
1049,236.22,236.52,1.0012700025400052,150912,150932
1050,235.2,235.75,1.0023384353741498,151046,151066
1051,236.96,236.65,0.9986917623227549,151229,151249
1052,235.1,234.03,0.9954487452148022,151429,151449
1053,234.84,235.09,1.0010645545903594,151742,151762
1054,233.95,232.61,0.9942722804017954,151845,151865
1055,232.61,232.62,1.0000429904131378,151869,151889
1056,232.59,233.39,1.0034395287845563,151910,151930
1057,229.73,228.53,0.9947764767335568,152177,152197
1058,227.42,225.3735,0.9910012312021811,152212,152219
1059,220.38,220.93,1.0024956892639987,152396,152416
1060,222.7,221.94,0.9965873372249664,152788,152808
1061,221.02,223.8,1.0125780472355443,152818,152838
1062,226.42,226.02,0.9982333716102819,152926,152946
1063,227.78,227.65,0.9994292738607429,152966,152986
1064,228.07,231.02,1.0129346253343272,153082,153102
1065,233.44,231.85,0.9931888279643591,153157,153177
1066,232.95,232.39,0.997596050654647,153271,153291
1067,231.75,232.3,1.0023732470334412,153315,153335
1068,229.91,230.38,1.0020442781958157,153502,153522
1069,230.24,232.11,1.0081219596942321,153613,153633
1070,232.55,232.86,1.001333046656633,153655,153675
1071,232.81,232.48,0.9985825351144709,153813,153833
1072,232.05,232.64,1.002542555483732,153850,153870
1073,233.22,232.52,0.9969985421490438,153908,153928
1074,233.92,234.82,1.0038474692202464,153988,154008
1075,234.63,235.13,1.0021310147892426,154074,154094
1076,233.09,232.89,0.9991419623321464,154373,154393
1077,235.25,234.76,0.9979171094580234,154737,154757
1078,235.07,235.04,0.9998723784404645,154866,154886
1079,233.39,233.29,0.9995715326277904,155003,155023
1080,233.63,232.79,0.9964045713307366,155194,155214
1081,233.65,234.68,1.0044083030173336,155277,155297
1082,235.17,234.53,0.9972785644427437,155347,155367
1083,233.55,234.18,1.0026974951830443,155556,155576
1084,234.72,234.92700000000002,1.0008819018404909,155670,155683
1085,231.6,232.1,1.0021588946459412,155903,155923
1086,229.96,227.7693,0.9904735606192381,156082,156088
1087,232.89,232.14,0.996779595517197,156187,156207
1088,233.99,234.05,1.000256421214582,156284,156304
1089,234.62,233.47,0.9950984570795328,156396,156416
1090,233.51,233.2,0.9986724337287483,156580,156600
1091,233.0,233.5,1.002145922746781,156712,156732
1092,233.66,233.23,0.9981597192501925,156834,156854
1093,233.48,232.66,0.9964879218776769,156907,156927
1094,232.35,231.73,0.9973316117925544,157125,157145
1095,231.67,231.49,0.9992230327621187,157282,157302
1096,231.22,230.56,0.9971455756422455,157453,157473
1097,230.55,231.37,1.0035567122099327,157478,157498
1098,231.62,231.68,1.0002590449874795,157732,157752
1099,228.9,228.3732,0.9976985583224115,157883,157893
1100,228.28,228.56,1.0012265638689328,158094,158114
1101,229.37,228.81,0.9975585298862101,158122,158142
1102,228.85,228.87,1.0000873934891852,158152,158172
1103,227.87,228.01,1.0006143853951814,158239,158259
1104,228.74,228.86,1.0005246130978405,158276,158296
1105,229.94,229.95,1.0000434896059842,158317,158337
1106,230.16,230.42,1.0011296489398678,158411,158431
1107,230.29,231.35,1.004602892005732,158481,158501
1108,231.5,230.8,0.996976241900648,158508,158528
1109,230.99,230.98,0.9999567080826008,158620,158640
1110,230.68,230.78,1.000433500953702,158692,158712
1111,229.42,228.87,0.9976026501612764,158887,158907
1112,229.06,229.69,1.0027503710818126,159057,159077
1113,230.2,230.09,0.9995221546481321,159087,159107
1114,229.79,229.59,0.999129640106184,159341,159361
1115,230.19,230.1,0.9996090186367783,159567,159587
1116,229.95,229.63,0.9986083931289411,159674,159694
1117,227.72,228.75,1.0045230985420692,159881,159901
1118,226.66,226.53,0.999426453719227,160119,160139
1119,227.16,227.43,1.001188589540412,160310,160330
1120,227.06,227.58,1.0022901435743856,160402,160422
1121,228.38,227.99,0.9982923198178475,160471,160491
1122,229.65,229.84,1.0008273459612453,160767,160787
1123,229.87,229.71,0.9993039544090138,160882,160902
1124,229.9,230.67,1.0033492822966505,160974,160994
1125,231.09,230.43,0.9971439698818643,161002,161022
1126,230.67,230.72,1.0002167598734122,161206,161226
1127,229.68,229.77,1.0003918495297806,161311,161331
1128,229.96,229.92,0.9998260567055139,161333,161353
1129,229.29,229.41,1.0005233547036505,161445,161465
1130,230.13,230.61,1.0020857776039631,161581,161601
1131,229.67,229.51,0.9993033482823181,161760,161780
1132,229.12,229.51,1.0017021648044693,161891,161911
1133,227.8,227.99,1.0008340649692713,162011,162031
1134,229.59,233.35,1.0163770199050481,162181,162201
1135,234.88,234.77,0.9995316757493189,162322,162342
1136,235.22,235.22,1.0,162563,162583
1137,235.74,235.28,0.9980486977178247,162742,162762
1138,236.43,236.36,0.9997039292813941,162789,162809
1139,239.71,243.87,1.0173543031162655,163035,163055
1140,245.0,244.4211,0.9976371428571429,163336,163355
1141,241.92,242.46,1.002232142857143,163720,163740
1142,242.41,242.9,1.0020213687554145,163931,163951
1143,243.34,243.67,1.001356127229391,163958,163978
1144,242.49,242.48,0.9999587611860282,164185,164205
1145,243.12,243.58,1.0018920697597895,164210,164230
1146,243.1,243.61,1.0020979020979022,164373,164393
1147,244.78,243.88,0.9963232290219789,164698,164718
1148,243.16,243.61,1.00185063332785,164789,164809
1149,244.42,245.47,1.004295884133868,165124,165144
1150,246.86,247.37,1.0020659483107834,165246,165266
1151,240.4,240.44,1.0001663893510815,165744,165764
1152,234.56,234.8,1.0010231923601638,166090,166110
1153,234.3,234.59,1.0012377294067434,166162,166182
1154,234.94,235.11,1.0007235890014472,166274,166294
1155,234.93,234.55,0.9983824969139744,166482,166502
1156,230.19,231.5,1.00569095095356,166711,166731
1157,232.3,231.84,0.998019801980198,166762,166782
1158,232.49,234.38,1.0081293819088992,166882,166902
1159,234.34,234.7,1.0015362294102585,167094,167114
1160,232.95,232.14,0.9965228589826143,167157,167177
1161,233.18,233.81,1.00270177545244,167242,167262
1162,234.26,233.91,0.9985059335780757,167389,167409
1163,234.49,234.23,0.9988912107126102,167672,167692
1164,232.27,232.44,1.0007319068325655,167847,167867
1165,233.31,232.54,0.9966996699669967,167945,167965
1166,232.51,232.05,0.9980215904692272,168020,168040
1167,231.98,232.44,1.0019829295628935,168055,168075
1168,229.0,229.28,1.0012227074235809,168287,168307
1169,229.2,230.29,1.0047556719022688,168321,168341
1170,230.66,231.16,1.0021676927078818,168417,168437
1171,230.32,231.05,1.003169503299757,168547,168567
1172,231.26,230.72,0.9976649658393151,168649,168669
1173,228.58,228.54,0.9998250065622538,168705,168725
1174,230.4,230.11,0.9987413194444444,168743,168763
1175,229.33,229.04,0.9987354467361443,168829,168849
1176,229.89,230.16,1.001174474748793,168936,168956
1177,230.16,229.71,0.9980448383733056,168956,168976
1178,230.02,229.62,0.9982610207808017,168995,169015
1179,231.48,231.03,0.9980559875583204,169117,169137
1180,229.69,228.68,0.9956027689494537,169339,169359
1181,229.27,229.35,1.0003489335717712,169459,169479
1182,229.89,229.62,0.9988255252512072,169497,169517
1183,229.66,229.23,0.9981276669859792,169580,169600
1184,229.47,229.84,1.0016124112084368,169610,169630
1185,231.27,230.57,0.9969732347472651,169790,169810
1186,229.01,229.47,1.002008645910659,170138,170158
1187,228.18,228.01,0.9992549741432202,170215,170235
1188,221.85,221.82,0.9998647734956051,170598,170618
1189,221.46,221.01,0.9979680303440801,170698,170718
1190,220.29,220.05,0.9989105270325481,170984,171004
1191,221.08,221.51,1.0019449972860501,171038,171058
1192,223.62,223.83,1.0009390931043736,171086,171106
1193,223.22,223.29,1.0003135919720454,171172,171192
1194,224.29,223.28,0.9954969013330955,171202,171222
1195,223.47,225.08,1.0072045464715622,171352,171372
1196,226.03,225.54,0.9978321461752864,171400,171420
1197,226.27,227.39,1.0049498386882927,171482,171502
1198,224.83,224.83,1.0,171938,171958
1199,226.47,225.82,0.997129862674968,172069,172089
1200,224.94,224.55,0.9982662043211523,172165,172185
1201,224.81,224.8,0.9999555179929719,172196,172216
1202,225.4,225.53,1.0005767524401064,172280,172300
1203,223.18,224.04,1.0038533918809929,172518,172538
1204,223.17,223.58,1.0018371644934356,172652,172672
1205,223.8,224.4,1.002680965147453,172708,172728
1206,223.85,223.82,0.9998659816841635,172894,172914
1207,224.4,225.21,1.0036096256684492,172985,173005
1208,226.24,226.63,1.0017238330975955,173014,173034
1209,227.88,228.81,1.0040810953133228,173212,173232
1210,229.57,229.07,0.9978220150716557,173272,173292
1211,228.64,227.98,0.997113365990203,173394,173414
1212,228.16,228.05,0.9995178821879384,173491,173511
1213,226.97,226.55,0.9981495351808609,173687,173707
1214,226.6,227.11,1.0022506619593998,173936,173956
1215,227.59,227.22,0.9983742695197504,173977,173997
1216,227.51,227.64,1.0005714034547932,174091,174111
1217,226.27,226.51,1.0010606797189199,174288,174308
1218,225.47,225.71,1.0010644431631703,174563,174583
1219,225.82,225.56,0.9988486405101409,174626,174646
1220,224.77,225.09,1.0014236775370378,174872,174892
1221,225.68,225.67,0.9999556894718185,174964,174984
1222,225.71,225.05,0.9970758938460857,175043,175063
1223,225.77,225.27,0.9977853567790229,175194,175214
1224,225.61,225.26,0.9984486503257833,175226,175246
1225,227.69,228.56,1.003820984672142,175335,175355
1226,227.9,227.54,0.9984203598069328,175432,175452
1227,227.12,226.94,0.999207467418105,175504,175524
1228,227.08,227.25,1.0007486348423462,175573,175593
1229,227.66,228.65,1.0043485900026357,175644,175664
1230,229.03,228.96,0.9996943631838624,175762,175782
1231,230.4,231.52,1.0048611111111112,175802,175822
1232,232.3,232.35,1.0002152389151957,175891,175911
1233,231.92,231.81,0.99952569851673,176005,176025
1234,231.42,231.24,0.999222193414571,176097,176117
1235,231.42,231.08,0.9985308097830785,176136,176156
1236,231.58,231.43,0.9993522756714742,176221,176241
1237,231.61,231.32,0.9987478951686023,176587,176607
1238,229.04,228.61,0.998122598672721,176698,176718
1239,228.59,229.52,1.0040684194409204,177022,177042
1240,231.22,230.58,0.9972320733500563,177097,177117
1241,225.9,226.15,1.0011066843736167,177360,177380
1242,225.98,226.07,1.0003982653332153,177425,177445
1243,227.15,227.26,1.0004842615012106,177588,177608
1244,226.97,226.45,0.9977089483191611,177685,177705
1245,226.7,227.72,1.0044993383325982,177796,177816
1246,227.11,227.17,1.000264189159438,178043,178063
1247,227.24,228.01,1.0033884879422637,178177,178197
1248,227.62,227.86,1.0010543888937704,178504,178524
1249,227.17,226.94,0.9989875423691509,178681,178701
1250,226.44,226.55,1.0004857798975446,178805,178825
1251,226.64,226.48,0.999294034592305,179035,179055
1252,225.91,226.32,1.0018148820326678,179277,179297
1253,226.41,225.85,0.9975266110154145,179400,179420
1254,226.17,226.01,0.9992925675376929,179438,179458
1255,226.31,226.38,1.0003093102381688,179666,179686
1256,225.93,225.63,0.9986721550922851,179771,179791
1257,225.97,225.69,0.9987608974642652,179844,179864
1258,226.2,226.01,0.9991600353669319,179881,179901
1259,225.36,225.9,1.0023961661341854,180083,180103
1260,226.3,227.92,1.0071586389748122,180187,180207
1261,229.38,229.0,0.9983433603627169,180352,180372
1262,228.88,228.5,0.9983397413491786,180527,180547
1263,229.15,228.98,0.9992581278638446,180687,180707
1264,226.83,226.51,0.9985892518626283,181013,181033
1265,226.77,226.67,0.9995590245623318,181041,181061
1266,226.2,225.35,0.9962422634836429,181496,181516
1267,225.67,225.09,0.9974298754818984,181571,181591
1268,225.82,225.65,0.9992471880258613,181740,181760
1269,226.28,226.33,1.0002209651758884,181889,181909
1270,228.02,227.44,0.9974563634768879,181960,181980
1271,228.13,227.46,0.9970630780695218,182023,182043
1272,227.35,227.84,1.002155267209149,182092,182112
1273,228.49,228.46,0.9998687032255241,182152,182172
1274,227.84,228.23,1.0017117275280898,182263,182283
1275,228.04,228.7,1.002894229082617,182366,182386
1276,229.2,231.22,1.0088132635253055,182396,182416
1277,235.84,235.37,0.9980071234735414,182750,182770
1278,237.24,236.5,0.9968807958185804,182830,182850
1279,236.27,236.76,1.0020738985059465,182952,182972
1280,237.07,238.81,1.0073396043362721,182973,182993
1281,239.4,239.65,1.0010442773600667,183081,183101
1282,239.06,238.66,0.9983267798878942,183160,183180
1283,238.58,238.57,0.9999580853382513,183192,183212
1284,238.71,237.39,0.9944702777428678,183238,183258
1285,241.15,240.87,0.9988388969521045,183430,183450
1286,239.47,239.21,0.9989142690107321,183733,183753
1287,238.66,238.63,0.9998742981647532,183819,183839
1288,236.27,236.81,1.0022855208024717,183923,183943
1289,236.99,237.58,1.0024895565213723,184164,184184
1290,236.98,237.27,1.001223731960503,184286,184306
1291,238.54,239.32,1.003269891842039,184326,184346
1292,238.44,238.42,0.9999161214561315,184729,184749
1293,241.25,241.74,1.0020310880829015,185032,185052
1294,242.52,240.2334,0.9905714992577931,185152,185164
1295,239.95,239.89,0.9997499479058137,185293,185313
1296,241.16,242.17,1.0041880908940122,185510,185530
1297,242.98,242.66,0.9986830191785332,185565,185585
1298,244.44,246.4,1.0080183276059564,185739,185759
1299,245.17,245.21,1.000163152098544,185861,185881
1300,246.56,245.97,0.9976070733290071,185894,185914
1301,246.79,246.18,0.9975282628955793,186017,186037
1302,248.1,248.25,1.0006045949214026,186085,186105
1303,246.6,246.92,1.0012976480129765,186324,186344
1304,245.76,246.17,1.0016682942708333,186383,186403
1305,244.89,245.5,1.0024909142880478,186474,186494
1306,245.32,245.5,1.0007337355291048,186661,186681
1307,246.27,246.12,0.999390912413205,186724,186744
1308,246.7,247.24,1.002188893392785,186747,186767
1309,246.33,245.88,0.9981731823164047,186876,186896
1310,245.24,244.81,0.9982466155602675,186990,187010
1311,241.35,241.49,1.0005800704371246,187683,187703
1312,241.92,241.98,1.0002480158730158,187771,187791
1313,240.86,241.1,1.0009964294610976,187876,187896
1314,240.3,239.32,0.9959217644610903,188041,188061
1315,237.63,238.39,1.003198249379287,188223,188243
1316,239.12,239.82,1.0029274004683841,188290,188310
1317,238.54,239.05,1.0021380062044103,188427,188447
1318,238.49,239.04,1.0023061763595957,188512,188532
1319,239.15,239.61,1.0019234789880829,188655,188675
1320,239.61,239.29,0.9986644964734359,188675,188695
1321,240.62,239.5,0.9953453578256172,188751,188771
1322,239.27,239.75,1.0020061018932587,188955,188975
1323,239.48,238.92,0.9976616001336228,189092,189112
1324,239.68,240.09,1.001710614152203,189130,189150
1325,240.94,241.24,1.0012451232672035,189191,189211
1326,240.95,240.63,0.9986719236356091,189297,189317
1327,240.18,240.58,1.001665417603464,189652,189672
1328,240.36,240.38,1.0000832085205524,189743,189763
1329,238.67,239.06,1.0016340553902878,189953,189973
1330,239.99,239.87,0.9994999791657986,190118,190138
1331,239.85,240.05,1.0008338544923912,190195,190215
1332,239.11,238.91,0.9991635648864539,190290,190310
1333,238.74,238.72,0.9999162268576693,190388,190408
1334,238.65,238.0,0.9972763461135554,190414,190434
1335,238.9,238.71,0.9992046881540394,190566,190586
1336,238.93,239.36,1.001799690285858,190616,190636
1337,240.46,240.0,0.998086999916826,190735,190755
1338,240.85,240.99,1.0005812746522733,190866,190886
1339,241.16,241.14,0.9999170675070492,190912,190932
1340,240.9,240.91,1.000041511000415,191010,191030
1341,240.28,240.47,1.0007907441318462,191287,191307
1342,239.8,240.12,1.0013344453711426,191395,191415
1343,242.58,241.56,0.9957952015829828,191470,191478
1344,238.2,238.63,1.001805205709488,191740,191760
1345,239.14,239.62,1.0020071924395753,191974,191994
1346,239.62,240.06,1.0018362407144645,191994,192014
1347,241.27,242.19,1.0038131553860818,192100,192120
1348,242.0,242.11,1.0004545454545455,192286,192306
1349,244.31,243.9,0.9983218042650731,192615,192635
1350,243.94,243.31,0.997417397720751,192712,192732
1351,244.34,243.99,0.9985675697798151,192775,192795
1352,243.24,242.78,0.9981088636737379,193182,193202
1353,238.57,238.38,0.9992035880454374,193289,193309
1354,239.28,239.71,1.0017970578401874,193620,193640
1355,238.83,237.27,0.993468157266675,193795,193815
1356,237.52,238.07,1.0023155944762545,193816,193836
1357,238.03,238.68,1.0027307482250136,193922,193942
1358,238.66,238.86,1.0008380122349787,194043,194063
1359,238.81,238.42,0.9983669025585192,194142,194162
1360,238.25,238.8,1.002308499475341,194206,194226
1361,239.64,240.41,1.0032131530629278,194237,194257
1362,239.88,238.98,0.996248124062031,194371,194391
1363,240.87,240.65,0.9990866442479346,194616,194636
1364,241.46,241.33,0.9994616085479997,194742,194762
1365,240.88,240.52,0.9985054799070077,194872,194892
1366,241.13,240.99,0.999419400323477,194943,194963
1367,241.23,240.73,0.9979272893089582,195011,195031
1368,239.96,240.16,1.0008334722453742,195136,195156
1369,239.34,239.37,1.0001253446979192,195236,195256
1370,239.98,239.84,0.9994166180515044,195323,195343
1371,238.6,238.47,0.9994551550712489,195954,195974
1372,237.43,237.52,1.0003790590911006,196133,196153
1373,237.85,238.16,1.001303342442716,196194,196214
1374,238.59,238.51,0.9996646967601324,196262,196282
1375,239.07,238.99,0.9996653699753211,196509,196529
1376,238.54,238.23,0.9987004276012409,196640,196660
1377,238.73,238.69,0.9998324466971056,196672,196692
1378,238.07,237.92,0.9993699332129206,196746,196766
1379,238.08,238.3,1.000924059139785,196771,196791
1380,232.02,231.43,0.9974571157658823,196987,197007
1381,232.43,232.28,0.9993546444090694,197157,197177
1382,233.83,232.77,0.995466792113929,197401,197421
1383,234.23,234.0,0.9990180591726082,197532,197552
1384,233.06,232.11,0.9959237964472668,197632,197652
1385,233.56,233.16,0.9982873779756808,197746,197766
1386,233.78,233.27,0.997818461801694,197812,197832
1387,233.35,234.42,1.0045853867580887,197943,197963
1388,234.42,233.64,0.9966726388533401,197963,197983
1389,232.27,233.0,1.0031428940457225,198214,198234
1390,232.71,233.75,1.0044690816896567,198582,198602
1391,233.33,233.11,0.9990571293875626,198835,198855
1392,233.12,233.07,0.9997855181880576,199046,199066
1393,232.66,232.92,1.0011175105303876,199187,199207
1394,232.94,232.94,1.0,199301,199321
1395,233.07,232.99,0.9996567554811859,199465,199485
1396,232.91,233.01,1.0004293503928556,199530,199550
1397,233.24,233.03,0.9990996398559423,199672,199692
1398,233.35,233.05,0.9987143775444611,199712,199732
1399,233.9,234.84,1.004018811457888,199846,199866
1400,235.51,235.02,0.9979194089422955,199996,200016
1401,235.0,235.09,1.0003829787234042,200092,200112
1402,234.86,234.66,0.9991484288512305,200332,200352
1403,235.34,235.91,1.0024220277045977,200410,200430
1404,236.64,235.81,0.9964925625422584,200492,200512
1405,235.68,235.66,0.9999151391717582,200693,200713
1406,235.75,235.87,1.0005090137857902,200847,200867
1407,235.87,235.54,0.9986009242379276,200867,200887
1408,235.04,234.91,0.9994469026548672,200944,200964
1409,234.4,234.44,1.0001706484641637,201245,201265
1410,234.81,234.68,0.9994463608875261,201287,201307
1411,234.6,234.84,1.0010230179028132,201323,201343
1412,234.14,234.04,0.9995729050995131,201430,201450
1413,234.07,233.99,0.9996582218994319,201510,201530
1414,233.89,234.09,1.000855102826115,201589,201609
1415,234.3,233.68,0.9973538198890312,201691,201711
1416,233.96,234.02,1.000256454094717,201717,201737
1417,234.64,234.53,0.9995311967269008,201750,201770
1418,234.86,235.03,1.000723835476454,201853,201873
1419,235.39,235.59,1.0008496537660905,202046,202066
1420,237.34,237.81,1.001980281452768,202099,202119
1421,238.53,238.25,0.9988261434620384,202463,202483
1422,239.03,238.53,0.9979082123582814,202546,202566
1423,237.66,237.94,1.0011781536648994,203036,203056
1424,237.63,237.82,1.0007995623448218,203120,203140
1425,237.95,238.27,1.0013448203404078,203196,203216
1426,238.71,238.52,0.9992040551296553,203224,203244
1427,236.26,236.44,1.0007618725133327,203639,203659
1428,237.04,236.92,0.9994937563280459,203865,203885
1429,237.4,237.66,1.001095197978096,203968,203988
1430,238.6,241.81,1.0134534786253144,204079,204099
1431,242.13,242.08,0.9997934993598481,204172,204192
1432,242.98,242.81,0.9993003539385958,204288,204308
1433,243.5,244.0,1.002053388090349,204352,204372
1434,243.67,243.79,1.000492469323265,204461,204481
1435,244.05,243.45,0.9975414874001228,204593,204613
1436,245.55,246.11,1.002280594583588,204759,204779
1437,244.55,244.96,1.0016765487630341,204977,204997
1438,244.53,244.05,0.9980370506686297,205303,205323
1439,243.8,244.06,1.0010664479081213,205376,205396
1440,243.63,244.36,1.0029963469195091,205502,205522
1441,243.63,243.83,1.0008209169642492,205722,205742
1442,243.84,243.68,0.9993438320209974,205775,205795
1443,243.6,243.68,1.000328407224959,205907,205927
1444,244.49,244.2,0.9988138574174812,205970,205990
1445,245.14,244.62,0.9978787631557479,206152,206172
1446,245.11,245.39,1.0011423442536003,206212,206232
1447,245.42,244.8,0.9974737185233479,206272,206292
1448,245.55,245.59,1.0001628996131133,206307,206327
1449,247.37,248.13,1.0030723208149734,206388,206408
1450,249.68,265.17150000000004,1.0620454181352132,206411,206423
1451,264.56,263.77,0.997013909888116,207051,207071
1452,263.6,263.36,0.9990895295902883,207144,207164
1453,264.89,264.27,0.997659405791083,207233,207253
1454,265.18,264.43,0.9971717324081756,207264,207284
1455,264.56,264.58,1.0000755972180224,207333,207353
1456,267.0,267.3,1.001123595505618,207377,207379
1457,266.89,267.97,1.0040466109633184,207445,207465
1458,271.99,270.1908,0.9933850509209898,207473,207475
1459,276.13,274.57,0.9943504870894144,207597,207617
1460,274.97,274.88,0.9996726915663525,207914,207934
1461,272.16,271.84,0.9988242210464431,208229,208249
1462,272.1,270.77,0.995112091142962,208338,208358
1463,270.77,268.26030000000003,0.9907312479225913,208358,208370
1464,272.14,271.82,0.9988241346365841,208510,208530
1465,274.86,275.21,1.0012733755366368,208583,208603
1466,275.41,272.8737,0.9907908209578445,208761,208776
1467,273.52,273.14,0.9986107048844691,208783,208803
1468,276.94,277.79,1.0030692568787465,208889,208909
1469,283.08,282.85,0.9991875088314259,209043,209063
1470,284.5,286.81,1.0081195079086116,209195,209215
1471,280.93,281.8,1.003096856868259,209482,209502
1472,283.02,282.19,0.9970673450639531,209509,209529
1473,283.8,283.15,0.9977096546863987,209549,209569
1474,284.27,283.88,0.9986280648679073,209587,209607
1475,283.66,282.84,0.9971092152577027,209694,209714
1476,285.76,284.85,0.9968155095184772,209756,209776
1477,284.35,284.42,1.000246175487955,210121,210141
1478,287.61,285.12,0.9913424428914154,210206,210208
1479,283.95,283.79,0.9994365205141752,210275,210295
1480,286.69,284.625,0.9927970979106352,210353,210356
1481,292.86,293.25780000000003,1.0013583282114322,210435,210449
1482,298.19,302.53,1.0145544786880847,210605,210625
1483,302.53,303.57,1.0034376756024197,210979,210999
1484,303.82,303.3,0.9982884602725298,211161,211181
1485,304.74,304.8,1.0001968891514077,211223,211243
1486,308.94,310.48,1.0049847866899722,211294,211314
1487,314.28,314.82,1.0017182130584192,211434,211438
1488,312.21,310.64,0.9949713333973929,211747,211767
1489,312.96,311.17,0.994280419222904,211799,211819
1490,313.2,317.8,1.0146871008939975,212301,212321
1491,326.69,327.62,1.0028467354372648,212453,212473
1492,326.3,326.41,1.0003371130861172,212687,212707
1493,326.01,326.7,1.0021164994938805,213052,213072
1494,319.61,320.067,1.0014298676512,213296,213299
1495,323.44,322.14,0.9959807073954984,213416,213436
1496,322.71,321.21,0.995351863902575,213578,213598
1497,326.53,329.67,1.0096162680305028,213607,213614
1498,316.77,316.37,0.9987372541591691,214393,214413
1499,317.52,316.56,0.9969765684051399,214802,214822
1500,316.77,317.24,1.0014837263629763,214871,214891
1501,318.81,319.56,1.0023524983532512,214943,214963
1502,317.62,317.33,0.9990869592594924,215152,215172
1503,314.9,313.77,0.9964115592251509,215212,215232
1504,316.02,316.52,1.001582178343143,215320,215340
1505,317.24,318.09,1.002679359475476,215470,215490
1506,324.67,323.33,0.9958727323128098,215642,215662
1507,322.78,322.82,1.0001239234153294,215858,215878
1508,322.77,323.7,1.0028813086718096,216023,216043
1509,322.32,321.81,0.9984177215189873,216114,216134
1510,322.03,321.6,0.9986647206781979,216180,216200
1511,321.43,322.25,1.00255109977289,216232,216252
1512,317.24,316.87,0.9988336905812634,216795,216815
1513,316.98,317.98,1.003154773171809,216833,216853
1514,317.69,316.4,0.9959394378167395,216895,216915
1515,318.99,318.85,0.9995611147684881,217071,217091
1516,317.32,318.25,1.002930795411572,217269,217289
1517,318.73,318.74,1.0000313745176168,217312,217332
1518,317.16,318.67,1.0047610039096986,217378,217398
1519,318.87,318.2,0.9978988302443002,217447,217467
1520,319.7,318.47,0.9961526431029091,217555,217575
1521,320.32,322.3,1.0061813186813187,217591,217611
1522,323.39,326.0,1.008070750487028,217661,217681
1523,327.65,328.56,1.0027773538837175,217682,217702
1524,335.15,332.2242,0.9912701775324482,217742,217753
1525,340.99,338.58,0.9929323440570104,217807,217810
1526,336.11,334.24,0.9944363452441165,218032,218052
1527,333.72,337.74,1.0120460266091333,218404,218424
1528,336.87,339.22,1.0069759848012587,218509,218529
1529,339.54,343.6,1.0119573540672675,218667,218687
1530,343.73,344.49,1.0022110377331044,218780,218800
1531,342.87,343.65,1.002274914690699,219117,219137
1532,344.9,344.88,0.9999420121774428,219252,219272
1533,348.91,347.24,0.99521366541515,219331,219351
1534,347.2,347.11,0.9997407834101383,219600,219620
1535,347.93,349.95,1.0058057655275485,219662,219682
1536,356.3,355.57,0.9979511647488072,219877,219897
1537,356.46,355.95,0.9985692644335971,219964,219984
1538,358.4,359.03,1.0017578125,220028,220048
1539,357.42,357.99,1.0015947624643278,220414,220434
1540,359.44,361.21,1.0049243267304695,220452,220472
1541,366.96,368.13,1.0031883584041859,220507,220527
1542,377.44,385.34,1.0209304790165323,220615,220635
1543,388.98,388.08,0.997686256362795,220914,220934
1544,387.4,390.25,1.0073567372225092,220958,220978
1545,393.95,397.65,1.009392054829293,220989,221009
1546,400.78,406.95,1.0153949797894106,221133,221153
1547,408.99,410.81039999999996,1.0044509645712607,221161,221165
1548,381.75,378.7938,0.992256188605108,221359,221374
1549,371.05,368.7156,0.9937086646004581,221796,221810
1550,370.21,371.12,1.0024580643418601,221872,221892
1551,374.66,377.5,1.0075802060534884,222211,222231
1552,375.5,372.18059999999997,0.9911600532623168,222298,222311
1553,377.79,378.76,1.0025675639905767,222392,222412
1554,382.63,383.26,1.0016464992290202,222416,222436
1555,381.66,382.86,1.003144159723314,222491,222511
1556,381.64,382.6,1.0025154595954304,222682,222702
1557,386.04,382.9914,0.9921028908921354,222743,222763
1558,386.74,389.56,1.0072917205357605,223032,223052
1559,393.31,394.41,1.002796776079937,223165,223185
1560,390.92,392.99,1.0052952010641563,223373,223393
1561,395.69,395.3,0.9990143799438955,223410,223430
1562,393.56,394.15,1.0014991360910661,223540,223560
1563,391.0,396.9,1.0150895140664962,223807,223827
1564,394.3,396.7,1.0060867359878265,224284,224304
1565,392.49,392.13,0.9990827791790873,224332,224352
1566,391.85,392.83,1.0025009569988514,224415,224435
1567,391.01,388.6245,0.993899133014501,224753,224765
1568,387.98,389.43,1.0037373060467034,224992,225012
1569,391.6,391.7,1.000255362614913,225104,225124
1570,389.22,389.39,1.000436770977853,225451,225471
1571,389.05,391.96,1.0074797583858115,225578,225598
1572,391.24,391.45,1.0005367549330333,225652,225672
1573,394.77,394.76,0.9999746687944879,225899,225919
1574,396.65,396.41,0.9993949325601917,225945,225965
1575,396.55,395.51,0.9973773799016517,226167,226187
1576,397.43,398.99,1.0039252195355157,226371,226391
1577,400.19,403.56,1.0084210000249882,226497,226517
1578,401.43,399.6234,0.9954995889694342,226673,226692
1579,396.18,395.61,0.9985612600333182,226890,226910
1580,393.75,395.66,1.0048507936507938,227017,227037
1581,396.93,395.93,0.997480664096944,227084,227104
1582,397.38,397.49,1.0002768131259752,227208,227228
1583,394.49,395.33,1.0021293315419908,227351,227371
1584,397.95,397.81,0.9996481970096747,227680,227700
1585,397.0,396.01,0.9975062972292191,227767,227787
1586,397.46,397.26,0.999496804709908,227872,227892
1587,396.65,397.86,1.0030505483423675,228179,228199
1588,397.39,396.46,0.9976597297365308,228275,228295
1589,394.06,395.82,1.0044663249251382,228605,228625
1590,395.76,394.71,0.9973468768950879,228739,228759
1591,394.15,394.35,1.000507421032602,228817,228837
1592,393.42,391.61,0.995399318794164,228941,228961
1593,386.69,383.64,0.9921125449326333,229073,229093
1594,374.86,378.77,1.0104305607426771,229310,229330
1595,378.05,378.46,1.0010845126306043,229422,229442
1596,382.85,380.03,0.9926341909363979,229465,229485
1597,380.21,378.75,0.996160016832803,229535,229555
1598,379.58,379.15,0.9988671689762368,229697,229717
1599,378.19,379.06,1.002300431000291,229859,229879
1600,380.56,378.62,0.9949022493167963,230032,230052
1601,382.0,384.6,1.006806282722513,230117,230137
1602,388.5,387.42,0.9972200772200772,230182,230202
1603,388.95,389.81,1.0022110811158247,230213,230233
1604,392.77,391.29,0.9962318914377372,230279,230299
1605,392.0,390.47,0.9960969387755103,230627,230647
1606,388.81,388.9,1.0002314755278927,230801,230821
1607,391.2,395.1,1.0099693251533743,230968,230988
1608,398.24,398.1,0.9996484531940538,230994,231014
1609,395.36,396.01,1.0016440712262242,231173,231193
1610,394.22,395.28,1.0026888539394245,231293,231313
1611,394.19,394.45,1.0006595804053882,231368,231388
1612,395.39,395.54,1.0003793722653584,231463,231483
1613,393.49,390.13919999999996,0.9914844087524459,231569,231585
1614,387.49,389.81,1.005987251283904,231958,231978
1615,391.25,388.43,0.9927923322683706,231981,232001
1616,389.25,389.84,1.0015157353885678,232122,232142
1617,394.0,397.31,1.0084010152284264,232548,232568
1618,398.3,397.15,0.9971127290986692,232672,232692
1619,396.01,396.14,1.0003282745385218,232861,232881
1620,396.14,395.99,0.9996213459887919,232912,232932
1621,395.19,394.72,0.9988106986512817,233033,233053
1622,393.36,394.05,1.0017541183648566,233186,233206
1623,394.73,394.5,0.9994173232336027,233208,233228
1624,396.14,397.11,1.0024486292724795,233497,233517
1625,394.32,395.1,1.0019780888618381,233774,233794
1626,396.71,397.19,1.0012099518539992,233980,234000
1627,395.99,393.98,0.9949241142453092,234163,234183
1628,393.77,391.97,0.9954288036163244,234258,234278
1629,390.7,391.44,1.0018940363450217,234413,234433
1630,391.26,391.25,0.9999744415478199,234550,234570
1631,389.65,388.36,0.9966893365841141,234623,234643
1632,385.94,386.89,1.0024615225164533,234734,234754
1633,382.72,385.67,1.0077079849498327,234787,234807
1634,379.74,381.53,1.0047137515141937,234848,234868
1635,381.83,381.15,0.9982191027420579,235026,235046
1636,376.44,373.4874,0.9921565189671661,235092,235103
1637,378.74,380.07,1.0035116438717853,235273,235293
1638,379.86,378.8,0.9972094982361923,235400,235420
1639,373.76,374.36,1.001605308219178,235456,235476
1640,372.2,371.8,0.9989253089736702,235644,235664
1641,378.86,380.29,1.003774481338753,235780,235800
1642,380.36,381.03,1.0017614891155746,235892,235912
1643,384.56,383.22,0.9965154982317455,235948,235968
1644,384.14,382.53,0.9958088197011505,235990,236010
1645,386.77,384.77,0.9948289681205884,236212,236232
1646,385.99,382.40729999999996,0.9907181533200341,236273,236288
1647,383.45,383.25,0.9994784196114226,236318,236338
1648,381.84,381.25,0.9984548501990363,236358,236378
1649,382.91,384.42,1.0039434854143272,236385,236405
1650,386.67,388.04,1.003543072904544,236480,236500
1651,384.5,385.72,1.0031729518855657,236633,236653
1652,387.0,387.35,1.000904392764858,236711,236731
1653,387.35,390.17,1.0072802375112946,236754,236774
1654,392.67,393.66,1.0025212010084805,236875,236895
1655,395.0,395.45,1.001139240506329,236993,237013
1656,392.31,390.42,0.9951823812801102,237200,237220
1657,387.54,384.5853,0.9923757547607989,237250,237261
1658,379.56,384.29,1.0124617978712194,237309,237329
1659,387.19,396.78,1.0247682016581006,237410,237430
1660,390.72,391.24,1.0013308763308764,237704,237724
1661,391.97,391.79,0.9995407811822333,237741,237761
1662,393.16,392.55,0.9984484688167666,237832,237852
1663,394.5,395.82,1.0033460076045628,237952,237972
1664,400.82,407.88,1.0176138915223791,238002,238007
1665,416.58,417.9681,1.0033321330836815,238012,238019
1666,428.69,427.1751,0.9964662110149525,238085,238088
1667,423.45,419.4432,0.9905377258235919,238372,238374
1668,424.31,423.69,0.9985388041761919,238487,238507
1669,423.22,422.03,0.9971882236189215,238519,238539
1670,424.36,423.71,0.9984682816476576,238678,238698
1671,424.19,424.09,0.9997642565831348,238801,238821
1672,425.2,425.33,1.0003057384760112,238863,238883
1673,430.39,434.9664,1.0106331466809173,239142,239155
1674,442.8,442.29,0.9988482384823848,239275,239295
1675,442.81,441.49,0.9970190375104446,239382,239402
1676,440.17,437.82,0.9946611536451825,239634,239654
1677,437.13,438.56,1.0032713380458902,239671,239691
1678,440.37,442.25,1.0042691373163477,239742,239762
1679,439.97,437.41,0.9941814214605541,239872,239892
1680,432.81,433.16,1.0008086689309397,240375,240395
1681,431.7,432.11,1.0009497336113042,240490,240510
1682,437.36,436.33,0.9976449606731296,240592,240612
1683,432.95,434.1,1.0026561958655735,240832,240852
1684,430.04,432.99,1.006859826992838,240933,240953
1685,430.8,429.61,0.9972376973073352,241092,241112
1686,427.1,429.44,1.0054788105830015,241133,241153
1687,429.05,428.69,0.999160936953735,241417,241437
1688,428.58,428.78,1.00046665733352,241489,241509
1689,426.01,427.46,1.0034036759700475,241619,241639
1690,415.34,417.42,1.0050079452978284,241805,241825
1691,423.89,425.38,1.0035150628700842,241981,242001
1692,429.14,432.69,1.00827235867083,242021,242041
1693,430.6,428.23,0.9944960520204366,242272,242292
1694,433.23,430.54,0.9937908270433718,242369,242389
1695,424.79,425.31,1.0012241342781139,242956,242976
1696,427.46,426.86,0.9985963598933234,243006,243026
1697,426.74,428.89,1.0050381965599662,243041,243061
1698,426.99,425.92,0.9974940865125647,243185,243205
1699,427.61,428.48,1.0020345642057014,243215,243235
1700,428.42,429.36,1.0021941085850334,243251,243271
1701,431.81,441.4608,1.0223496445195803,243456,243474
1702,436.72,434.87,0.9957638761677963,243648,243668
1703,438.72,438.0,0.99835886214442,243773,243793
1704,431.37,432.15,1.0018081925029556,243938,243958
1705,431.43,430.68,0.9982615951602809,244036,244056
1706,429.47,431.39,1.0044706265862573,244074,244094
1707,432.3,431.55,0.998265093684941,244130,244150
1708,428.86,428.67,0.9995569649769156,244272,244292
1709,429.95,429.06,0.9979299918595186,244523,244543
1710,429.45,431.59,1.0049831179415532,244583,244603
1711,428.04,428.43,1.0009111298009532,244672,244692
1712,426.15,423.0666,0.9927645195353749,244777,244787
1713,425.08,422.433,0.9937729368589442,244788,244792
1714,419.54,423.47,1.0093674023930972,244924,244944
1715,424.69,425.68,1.0023311121053005,245152,245172
1716,427.4,426.95,0.9989471221338325,245176,245196
1717,423.96,423.21,0.9982309651853949,245347,245367
1718,423.55,422.89,0.9984417424152991,245392,245412
1719,422.06,419.41,0.993721271857082,245536,245556
1720,420.81,420.98,1.0004039827950857,245577,245597
1721,417.97,415.97,0.9952149675814054,245622,245642
1722,410.07,413.2,1.0076328431731167,245661,245681
1723,407.01,403.9101,0.9923837252155967,245760,245773
1724,404.29,407.14,1.0070493952360928,245778,245798
1725,414.15,413.52,0.9984788120246287,245877,245897
1726,413.08,413.84,1.0018398373196475,246064,246084
1727,412.52,414.49,1.0047755260351015,246157,246177
1728,408.27,408.6,1.0008082886325227,246301,246321
1729,409.37,411.18,1.0044214280479762,246343,246363
1730,404.6,406.43,1.004522985664854,246394,246414
1731,405.44,401.5737,0.9904639404104183,246527,246544
1732,405.67,407.16,1.0036729361303522,246674,246694
1733,407.07,408.0,1.002284619352937,246788,246808
1734,407.46,412.71,1.0128847003386836,246831,246851
1735,410.43,408.92,0.9963209317057721,246962,246982
1736,407.73,407.85,1.000294312412626,247005,247025
1737,407.76,404.83,0.9928144006278202,247097,247117
1738,404.2,409.06,1.0120237506185057,247199,247219
1739,405.77,404.46,0.9967715701012889,247299,247319
1740,408.07,410.37,1.0056362878917833,247416,247436
1741,408.94,407.6,0.9967232356824963,247490,247510
1742,410.66,411.23,1.0013880095456096,247644,247664
1743,413.15,415.6,1.0059300496187826,247716,247736
1744,416.75,415.41,0.9967846430713858,247792,247812
1745,416.26,416.85,1.0014173833661655,247960,247980
1746,415.66,416.85,1.0014173833661655,248039,247980
